140_temperature,140_humidity,140_pressure,140_pm1,140_pm25,140_pm10,169_temperature,169_humidity,169_pressure,169_pm1,169_pm25,169_pm10
6,92,101906,72,68,104,6,89,101877,47,45,71
6,92,101869,74,70,107,6,89,101842,44,43,70
5,94,101837,63,58,98,5,91,101812,50,49,75
5,92,101834,56,52,93,4,88,101814,53,52,78
4,94,101832,52,49,89,4,91,101806,45,44,71
5,94,101833,49,47,86,5,94,101805,46,45,70
9,78,101842,55,50,90,10,81,101809,36,34,58
11,66,101831,47,44,80,13,70,101796,28,26,46
15,50,101798,35,33,60,16,54,101754,21,18,32
17,42,101745,22,18,33,18,46,101715,15,13,21
19,39,101701,15,11,20,18,42,101674,13,11,18
20,35,101651,15,11,20,20,36,101612,13,11,18
21,30,101580,15,12,21,21,31,101532,12,11,17
23,32,101507,18,14,24,21,32,101438,12,10,16
24,33,101443,12,9,16,21,34,101357,12,10,16
23,32,101395,12,9,16,21,33,101312,11,9,15
21,33,101383,13,9,17,20,35,101310,11,9,15
19,34,101403,20,16,28,18,37,101332,17,15,25
16,48,101447,28,24,45,15,51,101380,43,42,65
14,48,101481,33,30,55,13,50,101419,45,45,68
12,54,101498,27,23,42,12,55,101439,33,32,55
11,62,101525,36,33,61,10,62,101473,31,30,51
9,66,101554,35,32,58,8,66,101509,25,23,40
8,76,101559,59,54,90,7,74,101520,24,22,38
7,77,101540,64,60,96,7,75,101509,24,21,36
6,88,101528,59,54,92,5,85,101497,22,19,32
5,86,101524,51,48,86,5,84,101498,28,26,44
6,85,101523,43,41,75,5,83,101497,24,22,37
5,88,101546,40,38,68,4,86,101526,25,23,39
7,81,101608,35,31,57,7,81,101571,25,23,39
10,72,101635,32,28,51,11,75,101605,22,19,33
16,47,101654,21,17,30,17,51,101616,20,18,30
19,38,101670,16,13,22,19,41,101626,16,14,22
21,30,101678,18,14,24,21,33,101624,17,14,23
22,29,101669,22,17,29,22,32,101597,18,15,25
22,31,101656,23,19,33,22,33,101577,21,18,30
23,29,101646,25,20,38,22,31,101559,21,18,31
24,29,101648,24,20,37,23,30,101552,23,20,35
25,28,101653,23,18,35,23,31,101548,28,25,43
23,29,101673,23,18,33,23,32,101577,27,25,43
22,31,101695,22,18,31,21,34,101611,23,21,36
19,34,101743,27,22,41,18,37,101665,20,18,29
16,44,101810,31,27,50,16,46,101740,23,21,35
15,50,101863,35,32,59,14,51,101792,29,27,46
13,57,101903,39,36,66,12,58,101840,30,28,48
11,61,101969,45,42,77,11,63,101905,31,30,51
12,69,102029,38,35,65,11,68,101969,33,32,53
11,76,102068,38,36,67,11,75,102015,30,29,49
10,83,102107,39,37,68,10,81,102066,28,26,45
10,83,102141,44,43,78,9,82,102099,28,26,46
8,88,102156,49,47,85,8,87,102114,31,30,51
7,90,102171,54,50,90,8,90,102132,33,33,56
7,93,102186,57,52,93,7,93,102156,35,35,60
8,92,102242,41,39,72,8,92,102201,35,34,58
10,79,102295,29,26,48,11,80,102263,26,24,42
12,68,102326,22,17,31,13,69,102291,20,18,32
13,66,102322,19,15,27,13,67,102285,15,14,22
15,55,102304,18,14,25,15,61,102257,14,12,20
17,49,102282,16,12,22,16,60,102228,15,13,22
18,47,102263,15,12,22,16,50,102202,16,14,23
17,49,102223,16,13,23,16,49,102159,13,12,20
17,49,102200,13,10,17,16,49,102134,10,8,14
16,50,102212,13,9,17,15,50,102141,13,11,19
15,53,102254,17,14,24,14,53,102184,15,13,22
12,65,102300,17,13,24,12,66,102249,21,19,32
11,66,102341,18,14,25,11,66,102294,20,19,32
10,71,102367,18,14,26,10,71,102325,20,18,30
10,71,102358,20,16,28,10,71,102331,20,18,30
9,74,102346,22,18,32,10,75,102315,22,20,35
9,74,102333,20,17,30,9,76,102309,23,20,35
8,79,102299,21,17,30,9,80,102272,20,18,29
8,80,102273,24,19,34,8,80,102249,20,18,29
7,85,102230,26,21,38,7,85,102206,21,19,31
7,88,102184,28,24,43,7,86,102165,23,21,36
7,88,102149,30,27,48,7,86,102136,25,23,40
7,87,102161,32,29,54,7,86,102146,25,23,39
6,90,102177,37,35,64,7,89,102168,26,25,44
7,90,102186,37,35,65,8,91,102172,25,23,41
9,86,102188,37,35,64,10,87,102175,24,22,38
10,78,102198,34,32,58,11,79,102183,26,24,41
12,75,102196,33,29,55,13,77,102170,27,25,44
15,65,102182,33,30,56,15,66,102149,27,25,44
16,61,102145,30,27,50,16,63,102112,26,23,41
17,59,102112,30,27,51,17,60,102068,26,24,43
18,57,102062,30,26,49,18,58,102023,24,22,39
19,53,102020,28,24,46,18,54,101979,23,21,38
19,54,101989,26,22,41,18,55,101941,22,20,34
18,52,101981,23,19,34,18,53,101920,18,15,25
17,50,101975,19,15,26,17,51,101916,91,112,162
16,54,101958,19,14,25,15,54,101905,46,53,82
14,58,101996,23,18,32,14,59,101945,21,19,30
14,60,102013,20,16,27,14,61,101968,21,18,30
13,60,102014,21,16,29,13,61,101976,17,15,24
11,65,102016,26,22,38,11,65,101972,20,18,29
11,72,101980,28,24,43,10,72,101941,23,20,34
11,71,101947,28,24,43,10,71,101921,23,20,34
9,80,101904,30,26,46,8,77,101872,25,22,37
9,75,101876,29,25,44,9,72,101849,30,28,47
7,85,101852,31,27,48,7,82,101831,29,27,47
7,89,101839,33,29,54,6,85,101818,29,27,45
6,89,101836,37,34,61,6,86,101817,28,26,44
6,92,101863,39,37,67,6,92,101830,30,28,48
8,87,101896,38,35,64,8,90,101863,32,31,52
10,83,101897,41,40,72,10,85,101852,31,29,51
11,78,101878,46,44,81,12,79,101830,32,30,52
13,73,101843,45,43,80,14,74,101793,32,30,53
15,64,101777,36,34,64,15,66,101716,28,27,47
16,63,101709,30,28,53,16,64,101638,26,24,43
17,57,101612,28,25,48,17,58,101548,24,21,37
19,52,101520,27,24,47,18,53,101436,25,24,42
19,52,101439,28,24,47,17,53,101369,21,19,33
15,63,101415,27,23,42,14,64,101332,22,19,32
13,61,101458,29,26,47,13,61,101412,24,22,38
11,78,101487,36,34,63,11,77,101451,23,21,37
10,87,101485,36,34,62,10,87,101429,31,30,53
9,88,101478,53,53,94,10,89,101428,37,38,62
9,87,101423,56,58,101,10,88,101371,45,48,73
9,87,101390,53,55,98,10,87,101345,44,47,72
8,94,101365,41,41,77,9,94,101320,37,38,63
8,91,101333,33,32,60,9,90,101300,26,25,44
8,93,101274,36,35,66,9,92,101246,25,24,43
7,90,101263,34,34,64,8,91,101220,27,26,46
5,87,101306,9,8,15,6,87,101281,7,7,12
5,84,101338,14,12,21,5,84,101317,6,6,10
5,90,101355,27,23,42,5,89,101337,15,14,24
5,87,101358,32,31,56,5,87,101333,20,19,33
5,80,101356,28,26,46,5,81,101323,21,20,35
5,77,101351,23,19,35,6,79,101324,15,14,25
5,78,101390,14,11,20,5,78,101354,7,7,11
6,64,101426,3,2,5,6,65,101412,3,3,6
7,77,101392,5,4,8,7,76,101368,2,2,4
6,67,101430,3,2,4,6,68,101383,1,1,2
6,78,101405,6,5,10,6,78,101370,2,2,5
5,85,101385,10,8,13,5,83,101350,5,5,9
5,79,101428,6,5,8,5,78,101370,4,4,8
4,83,101472,7,6,10,5,83,101431,3,3,5
4,86,101544,13,10,18,4,85,101516,7,6,10
4,83,101600,9,7,13,4,82,101582,6,6,10
3,87,101661,17,13,23,3,87,101653,12,11,18
3,90,101687,34,30,54,3,90,101664,22,19,32
2,91,101712,44,43,76,2,91,101696,29,27,46
2,91,101710,35,32,56,3,91,101690,29,27,46
1,93,101675,46,45,81,2,92,101655,30,28,49
1,95,101629,45,45,80,2,96,101614,31,30,51
2,94,101586,45,45,80,3,96,101573,33,33,56
3,80,101568,43,42,74,4,81,101550,36,36,61
3,92,101521,19,16,28,4,93,101501,24,23,39
3,79,101511,15,12,21,3,80,101500,9,8,13
2,86,101523,11,9,16,3,86,101516,5,5,9
2,92,101529,20,16,29,3,92,101523,8,7,12
2,91,101522,23,18,33,2,90,101520,11,10,17
1,94,101518,24,20,35,2,94,101514,15,14,23
2,93,101502,25,21,36,3,93,101496,19,17,29
3,93,101475,35,32,58,3,93,101467,22,19,32
4,90,101434,38,36,67,5,89,101423,26,25,43
5,90,101413,35,33,60,6,90,101397,25,23,41
6,87,101387,22,18,33,7,88,101366,20,18,31
7,88,101356,21,17,31,7,87,101334,13,11,19
6,93,101345,20,16,29,6,92,101316,14,12,20
6,93,101361,23,19,34,7,93,101330,15,13,22
7,90,101384,31,28,48,7,90,101352,22,20,33
6,94,101426,35,32,59,7,92,101392,24,22,38
6,93,101488,32,30,54,7,92,101452,27,25,45
6,93,101514,30,26,46,7,92,101480,24,22,39
6,93,101532,33,31,57,7,93,101502,26,25,43
6,94,101556,28,25,44,7,93,101525,21,20,34
6,94,101564,26,22,41,7,93,101533,20,18,30
6,93,101583,27,24,43,7,93,101553,17,16,26
6,93,101570,26,23,42,7,93,101539,20,18,32
6,93,101570,28,25,46,7,93,101539,19,17,30
7,91,101596,26,22,40,7,91,101568,19,18,30
7,88,101651,20,18,33,7,87,101627,14,13,23
7,88,101735,12,10,18,7,86,101712,6,6,11
7,91,101817,13,10,19,7,89,101791,9,8,15
7,88,101871,13,10,19,7,86,101844,4,4,7
9,80,101929,6,5,10,9,80,101902,4,4,7
10,73,101979,10,8,16,10,73,101950,7,7,12
11,64,102013,11,9,17,10,64,101978,10,9,16
11,60,102028,10,8,15,11,61,101981,9,8,15
13,52,102044,7,5,10,13,53,101993,6,6,10
12,57,102066,9,8,13,12,58,102021,9,8,14
12,55,102094,14,11,20,12,55,102055,13,11,19
12,54,102131,15,12,21,12,55,102083,15,13,21
11,59,102174,16,12,22,11,60,102118,16,14,23
11,62,102207,19,15,27,11,63,102162,13,12,19
11,65,102265,25,21,37,11,65,102213,18,16,26
10,67,102333,29,26,46,10,68,102293,21,19,33
8,77,102404,,,,9,77,102367,23,21,37
8,76,102443,,,,8,76,102412,25,23,41
7,82,102492,,,,7,80,102465,26,24,43
6,88,102531,,,,6,86,102503,27,25,44
4,94,102561,,,,5,93,102535,28,27,47
3,97,102575,,,,4,96,102555,29,27,47
3,100,102587,,,,3,100,102567,31,30,52
3,94,102592,,,,4,94,102569,32,31,53
4,94,102606,,,,4,94,102584,35,34,58
4,94,102647,,,,5,94,102628,38,37,62
4,94,102686,,,,5,94,102660,41,39,63
6,93,102716,,,,8,94,102692,37,35,58
8,78,102744,,,,10,82,102727,31,30,51
10,68,102744,,,,12,71,102724,26,24,43
12,58,102734,,,,13,62,102707,24,22,40
12,57,102715,,,,13,61,102678,25,24,42
12,56,102694,,,,13,59,102641,21,19,33
14,53,102648,,,,14,56,102596,35,33,51
15,50,102609,,,,14,52,102552,20,18,32
15,50,102563,,,,14,52,102501,19,17,28
14,49,102540,,,,14,51,102471,19,17,29
13,55,102522,,,,13,58,102466,26,25,43
11,60,102531,,,,12,62,102484,24,22,38
10,68,102533,,,,10,69,102504,27,25,44
8,79,102533,,,,8,79,102497,33,32,54
6,83,102494,,,,7,83,102461,36,35,60
5,89,102473,,,,6,87,102441,44,44,68
5,92,102456,,,,5,89,102433,57,58,83
4,94,102416,,,,4,92,102389,48,48,72
3,94,102359,,,,3,94,102335,43,42,68
3,97,102318,,,,3,96,102300,49,48,73
2,97,102264,,,,3,95,102248,44,43,69
3,94,102221,,,,3,91,102209,43,42,68
3,94,102200,,,,4,93,102183,47,46,70
5,88,102167,,,,6,90,102145,52,50,73
7,78,102125,,,,9,83,102092,47,46,67
10,67,102089,,,,11,72,102049,34,32,54
13,58,102052,,,,14,62,102010,19,17,29
14,51,101991,,,,15,54,101942,11,9,15
16,47,101902,,,,17,50,101851,10,9,15
18,47,101819,,,,17,49,101755,9,8,13
19,43,101725,,,,18,44,101649,8,7,11
20,46,101628,,,,18,47,101539,8,7,11
21,42,101547,,,,19,43,101444,7,6,10
20,41,101480,,,,19,42,101383,7,6,10
18,47,101428,,,,18,49,101344,9,8,13
16,53,101416,,,,16,55,101342,9,8,13
14,56,101419,,,,14,58,101358,18,17,28
12,61,101396,,,,12,62,101341,21,19,32
12,61,101349,,,,11,62,101297,17,14,23
11,67,101322,,,,10,68,101267,16,14,23
9,77,101320,,,,8,76,101248,19,16,26
12,62,101392,33,30,55,12,62,101330,24,22,38
11,78,101422,34,32,59,11,77,101361,27,25,44
11,84,101397,36,34,63,11,83,101349,27,25,44
10,87,101408,40,39,72,11,87,101359,30,28,49
9,90,101468,32,31,56,10,90,101408,27,25,45
8,90,101539,28,25,45,8,89,101500,21,20,34
6,88,101642,16,12,22,7,88,101605,12,10,18
6,81,101731,14,10,19,6,82,101699,7,6,10
6,81,101796,20,16,29,6,81,101760,10,9,16
7,70,101829,12,9,16,7,71,101782,8,7,11
8,60,101856,13,10,18,8,62,101808,8,7,11
7,72,101893,12,9,16,8,80,101844,7,6,10
8,68,101924,10,7,13,8,74,101874,7,6,10
8,51,101945,8,7,12,8,53,101897,6,6,9
8,48,101963,8,6,11,8,49,101912,5,4,7
7,57,101996,10,8,14,7,58,101950,6,6,10
7,51,101992,10,8,13,7,52,101945,7,6,10
7,49,102008,8,7,12,7,51,101959,7,6,10
7,54,102033,12,9,16,7,55,101996,7,6,11
6,57,102090,17,14,24,6,58,102054,11,10,16
6,57,102136,19,15,27,6,58,102111,11,10,16
4,68,102137,20,16,28,4,69,102118,13,11,19
4,75,102164,25,20,36,4,71,102147,21,18,31
4,75,102165,30,26,45,4,73,102155,19,16,27
4,74,102129,33,30,53,4,76,102115,22,19,31
3,84,102096,37,34,62,3,84,102080,23,21,36
3,82,102068,38,35,64,3,84,102056,27,25,43
4,77,102023,40,38,70,4,78,102013,29,28,48
4,80,101985,36,34,61,4,82,101973,30,29,50
4,78,101958,33,29,51,4,82,101951,27,25,43
4,77,101935,29,25,43,5,81,101920,23,21,36
6,67,101913,24,19,34,7,70,101893,16,13,22
8,58,101872,14,11,19,9,61,101841,9,8,13
9,54,101822,12,9,16,10,56,101784,7,6,11
10,57,101773,9,7,12,10,61,101733,7,6,10
10,59,101714,7,5,10,10,61,101662,5,5,8
9,59,101654,10,7,13,9,60,101600,7,6,10
9,63,101562,12,9,15,9,64,101517,9,7,12
10,59,101444,10,8,14,11,60,101395,7,6,10
10,54,101348,13,10,17,10,55,101309,9,7,12
11,54,101260,13,10,17,11,55,101221,10,8,13
10,55,101194,13,10,17,11,56,101148,10,8,13
10,57,101146,21,16,28,10,57,101102,13,11,18
9,61,101132,27,22,39,9,62,101095,18,15,25
8,65,101068,30,27,47,9,67,101044,19,17,27
7,69,100967,29,25,45,8,72,100940,20,17,28
7,74,100919,23,19,33,7,76,100879,11,9,15
8,76,100919,18,14,26,8,75,100875,10,9,14
7,87,100861,18,15,27,8,87,100826,12,11,18
7,92,100786,22,18,32,8,92,100753,15,13,22
7,93,100747,19,15,28,7,91,100716,14,12,20
7,86,100722,18,15,27,8,86,100686,12,11,18
7,90,100695,17,13,24,7,89,100664,14,13,21
7,93,100690,22,19,34,7,92,100665,15,13,22
7,94,100689,33,31,57,8,94,100653,23,21,37
7,88,100738,24,19,35,8,87,100704,14,12,21
7,87,100795,25,21,38,7,87,100766,18,16,26
7,98,100832,25,21,38,7,97,100797,18,16,27
7,96,100841,20,16,30,8,96,100802,16,14,24
7,96,100843,17,13,24,9,91,100800,12,10,17
7,95,100860,16,12,21,10,84,100806,9,8,13
7,95,100874,16,12,22,10,84,100819,10,8,14
7,93,100884,14,11,19,9,86,100837,10,8,14
7,90,100905,12,9,16,8,89,100859,9,8,13
9,71,100934,10,7,13,9,71,100884,6,5,9
9,65,100968,12,9,15,9,63,100916,7,6,10
8,78,101028,11,8,15,8,73,100982,6,6,9
6,72,101087,13,10,18,6,71,101052,14,12,20
7,66,101130,23,18,32,7,66,101092,18,15,25
6,71,101159,29,25,45,7,71,101115,23,21,36
5,78,101165,32,29,52,5,79,101131,26,24,42
5,78,101166,31,28,50,5,78,101139,27,25,44
4,81,101148,37,34,61,4,79,101127,26,24,42
4,81,101136,38,36,65,4,79,101122,28,26,45
4,81,101145,39,37,66,4,80,101120,28,27,46
4,83,101143,37,35,64,5,83,101124,28,26,45
5,82,101147,32,30,52,5,84,101130,25,23,40
5,83,101184,30,27,46,5,84,101161,23,21,36
5,81,101230,29,25,43,6,82,101196,23,20,35
5,83,101244,26,21,38,6,84,101213,19,16,27
6,75,101260,25,20,36,7,76,101228,18,16,26
7,70,101278,25,20,35,7,72,101247,18,16,26
8,56,101282,15,12,21,9,58,101238,14,12,20
9,53,101291,16,12,21,9,55,101240,13,11,18
9,64,101314,11,8,14,10,66,101258,10,8,13
9,82,101334,13,9,16,9,82,101281,10,8,13
11,63,101331,10,7,13,10,63,101268,9,7,12
11,53,101326,8,6,11,10,54,101261,6,5,8
11,50,101336,7,6,10,11,51,101268,7,6,10
10,42,101369,7,5,10,10,43,101308,8,7,11
9,48,101418,10,8,13,9,49,101370,5,5,8
7,53,101482,13,10,17,7,55,101447,6,6,10
6,61,101519,24,19,32,5,63,101485,11,9,16
5,66,101529,32,28,50,4,67,101494,26,24,40
3,73,101551,47,46,83,3,74,101515,33,32,53
2,88,101560,51,50,90,2,92,101530,38,38,63
2,85,101533,53,52,94,2,87,101509,39,39,65
3,85,101490,49,48,87,3,86,101463,38,37,63
2,87,101480,45,44,80,3,89,101455,38,38,63
2,90,101456,45,44,79,2,92,101427,36,35,60
3,86,101425,42,40,73,3,88,101398,37,37,62
3,86,101408,41,39,71,3,89,101386,34,34,57
4,83,101390,37,35,63,4,86,101368,32,32,54
6,72,101385,36,32,59,7,75,101362,30,29,48
7,70,101375,30,26,46,8,73,101345,31,30,50
9,66,101368,31,27,48,9,69,101331,33,32,55
10,65,101338,30,26,48,10,69,101288,26,24,42
11,59,101290,28,24,44,12,63,101229,21,18,32
12,54,101222,26,22,40,12,56,101164,20,18,31
12,50,101153,23,18,31,13,53,101106,17,15,24
13,46,101084,19,14,25,13,48,101035,14,12,19
12,48,101030,19,15,26,12,50,100978,14,12,20
12,49,100990,19,15,26,12,51,100928,14,12,19
12,52,100938,21,16,28,12,53,100891,15,13,22
11,59,100909,25,19,34,11,60,100864,18,15,26
10,61,100918,28,24,42,10,62,100875,20,18,29
8,69,100905,33,30,54,8,70,100851,21,19,32
7,73,100905,33,30,56,8,74,100851,20,17,28
9,76,100971,33,30,54,9,76,100927,25,23,40
8,90,100982,34,31,56,8,90,100949,22,20,34
7,90,100993,33,30,54,8,91,100949,25,22,39
6,79,101032,16,13,24,7,80,101001,13,11,20
4,90,101072,7,6,11,4,89,101057,4,4,7
4,89,101079,7,6,11,4,89,101062,3,3,6
4,86,101078,8,7,13,4,86,101065,5,5,9
3,93,101117,10,9,16,4,92,101096,6,6,10
5,80,101158,17,13,23,5,81,101136,9,8,13
5,75,101161,11,9,16,6,77,101136,6,6,10
6,53,101169,10,8,15,7,56,101134,7,6,10
7,50,101181,14,10,18,7,53,101148,11,9,15
7,59,101217,14,11,19,8,60,101163,12,10,16
6,66,101198,12,9,16,7,68,101160,10,8,13
7,67,101194,5,4,7,7,67,101147,3,3,5
8,49,101232,5,4,7,8,50,101181,4,4,7
7,69,101312,3,2,4,7,66,101263,2,2,3
7,75,101351,5,4,8,6,74,101306,2,2,3
5,74,101410,6,5,9,6,74,101357,3,3,5
4,80,101461,13,10,18,5,80,101427,4,4,6
4,83,101498,14,11,19,4,83,101489,9,8,13
4,86,101559,20,15,27,4,87,101552,7,6,11
3,90,101598,35,32,56,3,91,101589,13,11,19
4,87,101603,38,36,65,4,88,101592,25,22,38
3,91,101619,42,40,73,4,92,101607,35,34,58
4,86,101642,34,31,56,4,87,101636,40,40,67
3,86,101623,26,22,39,4,90,101622,33,33,55
3,89,101593,18,14,26,3,91,101606,17,15,25
2,85,101570,23,19,34,3,86,101578,20,18,29
2,87,101560,29,24,42,3,86,101566,21,19,31
2,90,101561,30,26,46,3,89,101565,20,17,29
2,94,101571,30,26,46,2,93,101575,21,18,31
3,94,101580,32,29,50,3,92,101584,23,20,34
3,93,101591,42,41,74,3,92,101596,24,21,36
5,81,101590,42,41,76,5,80,101608,23,21,36
5,70,101588,38,36,66,6,71,101602,28,26,46
6,68,101561,35,32,59,6,67,101580,26,24,42
6,82,101518,29,26,46,5,79,101525,22,20,34
8,77,101470,17,14,24,6,68,101463,17,15,25
9,64,101421,21,17,30,7,58,101407,17,15,26
8,66,101355,26,21,38,7,61,101335,18,16,27
10,62,101298,19,15,26,8,59,101273,14,12,21
9,58,101271,17,13,23,8,57,101250,13,11,18
7,69,101283,15,11,20,7,68,101248,13,11,19
5,86,101301,18,14,25,5,77,101281,15,14,22
5,94,101290,21,17,30,5,94,101269,22,19,32
5,90,101317,14,11,20,5,92,101285,21,19,31
4,88,101309,20,16,28,5,88,101287,19,17,28
4,92,101284,18,14,25,4,92,101278,16,14,23
3,94,101262,13,10,18,4,94,101265,16,14,23
4,94,101228,14,10,18,4,94,101228,14,12,20
4,94,101178,15,12,21,4,94,101175,12,10,17
4,94,101161,17,13,23,4,94,101159,13,11,19
3,94,101146,11,9,16,3,92,101157,9,8,14
3,89,101147,16,13,24,2,87,101162,13,12,20
1,93,101163,20,16,29,1,91,101170,14,12,20
1,100,101186,18,14,25,0,98,101188,12,10,17
1,99,101208,16,12,22,0,98,101196,21,19,31
0,100,101245,17,13,23,0,99,101227,16,14,23
1,100,101299,20,15,27,0,98,101285,17,15,24
2,96,101338,17,13,23,1,95,101321,19,17,28
1,97,101376,15,11,20,1,96,101358,16,14,23
1,97,101402,17,13,22,1,96,101390,12,10,17
2,93,101427,16,12,22,2,94,101409,9,8,14
2,93,101443,21,17,30,2,93,101427,8,7,13
2,92,101474,17,13,23,2,93,101460,8,8,13
2,93,101499,17,13,22,2,93,101490,9,8,14
2,95,101537,16,12,22,1,94,101529,11,9,15
2,95,101586,21,16,29,2,95,101586,14,13,21
1,96,101644,25,21,37,1,95,101642,21,19,32
1,98,101682,27,22,39,0,96,101687,25,22,37
1,99,101682,18,14,26,0,95,101691,23,20,34
0,98,101668,12,10,17,0,97,101678,16,13,22
0,99,101688,9,7,13,0,96,101700,9,8,14
0,99,101714,11,9,16,0,96,101724,8,8,13
0,99,101668,15,11,20,0,96,101684,10,9,16
0,98,101670,15,12,21,0,97,101683,10,9,16
0,97,101695,15,11,20,0,97,101708,10,9,15
0,87,101705,14,11,19,0,86,101709,14,12,20
0,87,101742,12,10,17,2,89,101746,11,10,16
0,98,101787,16,12,22,4,98,101792,11,10,16
0,98,101830,18,13,24,3,98,101843,14,12,20
0,99,101894,17,13,24,4,98,101903,13,12,20
0,99,101949,15,11,21,4,99,101960,11,10,16
0,99,101990,16,12,22,4,99,102004,16,15,25
0,98,102035,18,14,25,4,98,102042,23,21,35
0,99,102038,22,17,31,5,99,102041,18,17,28
3,91,102052,28,23,41,5,92,102038,24,21,35
4,87,102043,24,19,34,6,91,102012,18,16,27
5,78,102060,18,14,25,7,85,102033,13,11,19
5,65,102103,14,10,19,7,73,102081,11,10,16
4,61,102152,14,10,19,7,70,102136,13,11,18
4,58,102219,15,11,20,7,68,102208,13,11,18
4,59,102295,17,13,24,7,68,102290,16,14,24
3,59,102345,18,13,24,6,68,102337,15,13,22
3,59,102365,17,13,24,7,68,102346,17,15,25
2,60,102376,17,13,23,6,69,102374,13,11,19
2,60,102417,16,12,21,7,69,102422,9,9,15
2,60,102426,12,9,17,7,69,102428,8,7,13
1,64,102429,9,8,14,6,73,102419,7,6,11
1,67,102432,8,7,13,5,74,102428,6,5,9
1,66,102468,7,5,10,5,74,102470,5,5,8
0,66,102528,7,5,10,5,74,102530,4,4,7
0,64,102578,7,6,11,5,73,102591,4,4,7
0,64,102606,8,7,12,4,73,102612,24,29,50
1,60,102653,8,7,13,4,69,102658,10,11,18
1,55,102698,8,7,13,5,66,102698,6,6,11
2,54,102734,9,7,13,5,64,102739,9,9,16
3,50,102765,8,7,12,7,61,102753,12,13,24
3,50,102773,9,7,13,7,61,102753,8,8,15
3,50,102779,12,9,16,8,62,102764,9,8,13
3,50,102793,14,11,18,7,62,102776,10,9,15
3,48,102807,16,12,21,6,60,102785,18,19,33
2,52,102835,16,12,21,6,63,102812,15,13,23
2,50,102859,16,12,21,6,61,102833,14,12,20
2,52,102876,17,13,23,5,63,102855,13,11,19
2,52,102907,20,16,29,5,63,102885,19,17,28
2,54,102938,27,21,37,5,64,102922,17,15,25
1,60,102950,34,30,53,5,69,102938,22,19,32
1,59,102934,39,37,66,5,69,102926,25,23,39
1,61,102918,38,35,63,5,71,102911,27,26,44
0,71,102904,40,38,68,4,75,102897,25,23,40
0,80,102855,43,42,76,4,77,102853,25,22,37
0,72,102816,44,43,77,4,75,102810,32,31,52
0,72,102800,45,44,80,3,78,102794,34,34,57
-1,72,102778,42,41,73,3,78,102782,35,34,58
-1,74,102750,44,43,77,3,80,102751,37,38,63
-1,74,102732,55,56,101,3,80,102733,40,41,69
0,77,102717,61,62,112,3,79,102716,48,51,82
0,66,102709,57,58,105,5,74,102706,45,46,76
2,64,102679,54,55,98,6,73,102672,41,42,69
4,57,102619,45,45,81,7,68,102564,32,31,53
5,50,102572,36,34,61,8,62,102542,31,30,52
6,47,102519,33,29,53,9,59,102479,26,24,42
7,44,102449,30,27,48,10,57,102403,25,23,42
7,45,102373,31,27,48,10,58,102332,24,22,38
8,45,102286,29,25,43,10,58,102239,24,22,37
8,46,102200,29,25,43,10,58,102152,23,20,35
8,47,102148,29,25,44,10,60,102100,23,20,35
8,47,102093,30,26,46,10,60,102056,24,22,38
7,52,102052,30,27,46,10,64,102016,29,27,47
7,52,102032,34,31,55,10,64,101996,25,23,40
7,54,102010,38,36,65,9,65,101972,30,29,49
6,56,101955,38,36,66,9,67,101922,29,28,48
7,71,101875,38,36,66,9,78,101843,29,28,48
7,70,101800,36,34,62,10,77,101767,27,25,43
6,62,101706,34,32,58,9,72,101678,24,23,40
6,65,101612,34,31,57,9,73,101584,24,23,39
6,65,101537,33,31,56,9,73,101504,25,23,41
7,61,101484,32,30,54,10,70,101453,24,22,40
7,68,101442,32,30,55,9,75,101420,24,22,38
7,66,101424,35,32,59,10,73,101394,25,24,41
6,79,101437,38,37,68,9,83,101402,30,29,50
6,84,101436,39,38,70,9,88,101402,30,29,50
6,86,101489,30,28,51,9,90,101451,22,21,37
5,79,101529,12,9,17,8,83,101503,7,6,11
5,81,101522,13,11,19,8,85,101501,8,8,13
7,74,101499,16,12,22,10,81,101473,11,10,17
8,73,101434,21,17,31,10,79,101403,14,12,20
9,60,101380,17,13,24,11,69,101334,15,13,21
10,45,101363,7,5,10,11,58,101298,8,7,12
10,40,101353,5,4,8,11,54,101289,4,3,6
9,43,101341,6,5,9,11,56,101288,5,5,8
8,42,101343,6,5,9,10,56,101298,3,3,6
7,47,101367,7,5,10,9,59,101330,11,10,17
6,56,101435,11,9,16,9,67,101387,8,8,13
3,79,101463,7,6,10,7,80,101434,5,5,9
2,89,101465,20,16,28,6,92,101438,6,6,10
1,84,101443,31,27,47,5,79,101432,12,11,18
0,87,101433,34,31,54,4,84,101415,19,17,28
1,84,101409,34,32,55,5,87,101383,28,27,45
0,82,101366,38,36,63,4,84,101345,26,25,43
0,87,101356,43,41,74,4,88,101339,29,28,48
0,87,101355,40,38,68,4,89,101343,29,28,49
2,88,101382,28,24,42,6,93,101373,23,21,36
2,90,101407,29,25,44,6,95,101402,19,17,29
2,85,101476,24,20,37,6,89,101453,16,14,24
4,79,101514,21,17,31,7,85,101493,13,12,20
3,89,101571,9,7,13,8,99,101536,5,5,9
5,80,101594,10,8,14,8,90,101561,4,3,6
4,77,101606,7,5,10,6,86,101578,2,2,3
6,54,101637,5,4,8,9,64,101597,2,2,4
6,63,101633,6,5,9,8,70,101607,2,2,4
9,50,101600,4,3,6,10,61,101557,3,3,5
9,51,101633,4,3,7,11,60,101609,7,6,10
7,60,101655,8,7,12,10,66,101604,6,5,9
7,63,101641,10,8,14,11,70,101613,6,6,10
6,51,101663,13,10,18,10,61,101626,8,8,13
5,73,101714,8,6,11,8,75,101673,8,7,13
3,92,101778,19,15,27,8,83,101749,11,10,17
3,86,101820,28,24,42,7,84,101787,22,19,33
2,90,101856,20,16,28,6,92,101842,13,11,18
2,90,101874,30,27,47,6,92,101862,18,16,28
3,86,101878,28,24,41,6,89,101862,21,18,31
2,86,101877,25,21,37,6,89,101864,15,13,22
2,89,101867,28,23,41,6,92,101860,17,15,25
1,93,101856,31,27,47,5,94,101859,18,16,28
1,93,101863,30,25,44,5,94,101858,21,19,32
1,92,101880,28,23,42,5,94,101882,17,16,26
1,95,101908,26,22,38,5,96,101907,16,15,24
3,83,101943,26,21,38,6,87,101937,56,115,246
4,79,101969,25,21,37,7,85,101944,64,127,260
4,74,101975,20,16,28,7,81,101953,14,13,22
4,81,101979,16,13,22,8,88,101957,12,10,17
5,79,101960,17,14,24,8,77,101942,10,8,14
6,83,101926,16,12,22,10,88,101900,18,21,36
8,79,101868,13,10,17,10,81,101832,30,44,83
9,50,101821,15,11,20,10,61,101773,15,19,34
9,50,101738,16,12,21,10,61,101693,17,18,31
10,46,101665,14,11,18,11,58,101618,41,63,118
10,46,101611,14,11,18,11,58,101570,13,14,25
11,50,101560,13,9,17,12,64,101521,9,8,13
10,47,101503,17,13,22,11,59,101470,12,10,17
7,62,101466,26,21,37,9,73,101435,29,27,46
5,66,101435,27,23,40,7,76,101403,33,32,55
5,64,101391,29,24,43,8,74,101365,33,32,54
4,70,101348,28,22,40,7,76,101337,26,25,41
3,76,101287,30,25,44,6,80,101274,30,28,47
1,89,101230,38,36,64,4,89,101215,29,28,47
0,74,101148,48,47,85,4,82,101142,29,27,45
0,75,101065,49,49,88,4,82,101065,30,28,47
0,75,100982,44,42,76,4,82,100983,19,17,29
0,75,100934,37,34,60,4,82,100944,15,13,22
1,80,100897,30,25,44,5,81,100904,19,17,28
4,81,100851,32,28,49,7,85,100845,31,38,67
7,72,100807,30,26,46,9,77,100791,24,27,48
11,62,100753,18,14,24,12,71,100714,11,9,16
14,52,100717,12,9,16,15,61,100668,10,8,14
17,41,100689,11,8,15,17,48,100616,9,7,11
18,41,100669,9,7,13,17,48,100591,6,5,9
18,39,100686,10,7,13,18,46,100613,6,5,9
18,40,100690,11,8,14,18,46,100612,7,6,10
17,45,100726,13,10,18,17,51,100653,9,7,12
15,50,100779,14,11,19,16,56,100693,10,8,14
15,55,100810,15,11,20,15,61,100724,11,9,15
12,77,100775,20,15,27,13,81,100718,14,12,19
11,84,100760,31,27,48,13,88,100706,22,20,34
11,87,100759,38,35,64,13,90,100741,33,32,55
11,85,100752,28,24,42,13,88,100732,16,14,24
10,94,100768,29,26,46,12,94,100722,16,14,23
10,92,100729,33,29,55,11,92,100690,20,17,28
9,97,100734,37,35,63,10,97,100690,22,20,34
9,94,100743,40,39,71,11,94,100696,25,23,40
9,88,100788,37,35,65,11,90,100749,29,28,49
7,88,100847,34,32,59,9,90,100816,30,30,52
6,88,100848,21,18,32,9,90,100829,23,21,37
6,87,100898,18,15,27,9,90,100865,19,17,29
5,94,100972,20,17,31,8,94,100961,18,17,29
5,94,101007,22,19,34,8,94,100985,20,18,31
5,93,101047,24,20,36,8,94,101030,17,16,27
5,94,101039,17,13,24,8,94,101031,13,12,20
5,92,101051,13,10,19,8,92,101035,20,19,32
5,97,101075,9,8,14,7,97,101058,11,9,16
6,92,101089,14,11,20,8,92,101067,22,21,34
6,94,101074,17,14,25,8,94,101061,12,10,17
6,94,101077,15,12,21,8,94,101064,12,11,18
5,94,101088,21,17,31,8,94,101073,15,13,23
6,94,101051,25,20,36,8,94,101039,17,16,26
6,94,101099,25,21,38,8,94,101078,25,24,41
5,93,101081,29,26,46,8,94,101070,24,22,38
5,94,101109,31,29,51,7,94,101099,22,20,35
4,94,101131,31,29,52,8,94,101130,21,20,34
4,94,101134,33,31,56,9,94,101130,22,21,36
4,94,101132,30,27,48,7,94,101119,23,21,37
4,99,101172,27,24,43,13,93,101157,21,19,33
4,98,101226,27,23,42,18,90,101208,20,18,31
4,99,101192,26,22,41,14,90,101186,19,18,31
4,99,101166,24,21,38,12,90,101156,16,15,26
4,99,101160,22,19,35,12,87,101147,14,13,23
4,100,101162,18,15,29,15,96,101149,15,14,24
4,102,101160,22,19,34,8,96,101156,18,16,28
3,103,101173,17,14,26,12,93,101174,13,12,20
4,102,101202,13,10,19,13,94,101201,10,9,16
4,101,101214,11,9,16,13,93,101208,8,8,13
4,94,101253,9,7,13,5,94,101241,8,8,13
4,94,101296,11,9,15,5,94,101285,7,6,10
5,92,101327,10,8,14,7,92,101313,3,3,5
5,94,101353,10,7,13,5,94,101337,3,3,5
5,94,101374,9,7,13,6,94,101358,8,8,14
5,92,101419,10,8,14,7,92,101397,8,8,14
5,94,101448,14,11,19,7,94,101427,12,10,18
4,93,101488,15,11,20,7,94,101468,16,14,23
4,93,101516,20,15,28,7,94,101497,22,20,34
4,94,101538,22,18,32,6,94,101526,19,17,28
4,97,101524,26,21,38,6,97,101515,22,20,34
4,97,101549,25,20,36,6,97,101537,22,20,33
4,94,101537,30,26,46,6,94,101532,27,25,45
3,100,101482,33,31,55,3,98,101478,28,27,46
3,100,101429,32,30,54,6,100,101438,14,12,20
3,100,101352,23,20,35,6,100,101359,13,12,20
3,100,101293,25,21,37,6,100,101298,11,10,17
3,100,101192,16,13,23,5,100,101205,13,11,19
4,97,101103,17,13,24,5,97,101117,12,11,19
4,93,100988,18,15,28,6,94,101004,11,10,18
4,94,100925,17,14,26,7,94,100929,10,9,16
4,94,100817,17,14,26,7,94,100834,9,9,15
4,97,100717,23,19,35,6,97,100718,9,8,14
4,100,100739,20,17,31,6,100,100717,11,10,18
5,97,100771,24,21,37,7,97,100745,14,13,22
6,94,100778,24,20,36,7,94,100756,17,16,28
6,94,100786,25,21,37,7,94,100754,15,14,24
6,97,100810,19,15,28,6,97,100779,12,11,19
6,94,100833,19,16,28,10,94,100806,11,9,16
6,90,100843,20,16,28,8,90,100815,12,11,18
7,89,100836,19,15,26,11,90,100813,12,11,18
6,94,100860,34,31,56,7,94,100826,17,15,25
5,94,100886,38,36,65,8,94,100856,26,24,42
4,100,100877,40,38,70,4,98,100857,26,24,43
4,99,100907,42,42,76,5,100,100889,29,28,48
4,99,100918,45,44,80,5,100,100902,31,30,51
4,97,100960,45,45,81,6,97,100945,31,30,51
3,100,100858,42,41,75,7,100,100848,30,29,51
4,97,100938,44,44,80,7,97,100921,30,29,51
4,91,101018,38,37,68,7,92,100997,31,30,51
3,94,101082,36,35,63,6,94,101073,25,24,42
3,91,101123,31,28,51,6,92,101115,26,24,42
3,93,101186,27,23,41,5,94,101183,17,16,27
3,93,101235,31,28,49,6,94,101232,20,18,31
3,93,101323,31,27,49,5,94,101318,20,18,30
3,94,101406,26,22,40,6,94,101404,18,16,27
3,94,101494,24,20,36,3,93,101487,14,12,21
4,86,101571,23,19,34,7,89,101570,14,12,21
4,87,101647,24,20,36,5,89,101642,13,11,20
5,82,101705,31,28,49,8,85,101696,19,17,29
6,82,101736,33,31,56,10,85,101725,23,21,36
7,69,101734,35,32,59,10,75,101716,24,22,38
9,56,101714,33,30,56,9,61,101693,24,22,39
9,63,101719,33,29,54,11,70,101679,25,23,40
10,62,101719,30,26,48,10,70,101672,23,20,35
10,61,101727,30,26,48,9,62,101680,20,18,30
11,56,101708,28,24,43,10,66,101656,21,19,32
10,56,101703,27,23,41,10,66,101654,21,18,31
10,55,101727,33,30,54,11,64,101695,21,18,30
8,69,101788,35,32,58,9,76,101755,24,22,37
7,74,101810,52,49,84,8,79,101776,44,43,67
6,84,101808,62,57,97,10,85,101777,57,57,82
5,89,101822,85,82,126,8,90,101794,60,61,86
4,89,101836,58,57,96,4,89,101815,60,61,87
4,86,101851,43,42,77,5,87,101837,78,80,112
2,94,101900,62,61,101,1,89,101877,52,53,80
2,97,101952,82,81,125,2,97,101930,46,46,74
2,94,101982,92,92,140,4,94,101966,43,43,71
2,93,102009,88,87,134,4,94,101995,54,55,81
3,97,102044,86,85,130,3,97,102034,63,65,92
4,93,102083,85,84,129,5,94,102071,66,69,98
5,94,102121,73,71,113,5,94,102104,58,60,85
5,91,102169,39,37,66,6,90,102144,20,18,30
6,85,101917,28,25,42,7,87,101920,18,17,27
7,81,102086,22,23,33,9,81,102081,17,20,26
11,86,102188,27,27,39,18,70,102162,20,22,29
13,76,102170,25,26,36,19,66,102139,19,21,27
15,62,102138,22,21,29,18,68,102104,20,23,30
22,45,102109,22,23,31,17,69,102062,20,22,30
23,41,102081,21,21,30,17,71,102035,18,19,25
18,53,102040,22,22,31,17,67,102000,16,18,24
16,59,102021,22,22,30,17,74,101986,19,20,27
13,71,102020,25,25,35,16,73,101990,26,29,40
12,78,102033,29,30,43,15,76,102010,25,28,40
11,82,102037,35,38,59,9,81,102022,30,34,49
10,88,102029,43,49,78,8,84,102008,32,37,53
9,92,102024,46,51,83,10,88,102009,37,42,63
9,96,102002,50,56,91,5,94,101991,38,44,64
8,101,101972,49,55,91,0,96,101968,35,41,60
