,0,1,2
0,1.4706431464956444,1.0981543880179427,-2.357335065600203
1,0.8155077875177031,-0.0027685371045806373,0.527383637076782
2,-0.07387144878376116,-0.5865521265946555,1.8820951757860995
3,-0.831275326721087,-0.3283763612541924,0.765606698812822
4,-1.0702662865850414,-0.6826225878117148,2.82971099035581
5,-0.5233000394250262,-0.7164384682540194,0.6749161378187492
6,0.013891380253153408,0.30113372889436363,1.2496057413343844
7,-1.0863532236146358,-0.6922322502856074,0.6440228654828221
8,-0.527982666812334,-1.1656271554302517,0.05394378145431523
9,1.2524639111581752,1.1115482598570319,-0.36232128175622025
10,0.5694560420389798,-0.8714291108553964,-1.1379207874578179
11,0.26892541605287074,-0.780856517288985,-0.009055249102550502
12,0.22430531874986268,1.1396309057456888,-0.9871137546554877
13,1.2231010350682068,1.4168872839573845,-0.9464548107037206
14,2.0958377199852505,-0.014293061984031533,-0.1934089777622754
15,-1.265056138016011,-0.9483430186183911,0.35221548003576864
16,-0.9892435468826505,0.8696641248604458,-1.272165153714797
17,-0.5275675659063069,-0.4035174022276418,0.9096500561258292
18,0.06327988314913441,0.30270172378036264,0.009715214810362627
19,-0.3677452729140766,1.6048936363796626,-0.07157328363823504
20,-0.2705895481085116,1.331332322929949,0.11586138259091223
21,-0.9351450186030762,0.42351805616922417,0.9468055036590148
22,0.3169679544129326,1.6258865267424103,-1.3429250508017039
23,4.763971783923397,-0.9251480958724119,0.9381764521259103
24,-1.4424028212265396,1.5748527434470494,-0.48678476906312035
25,1.1856178424250796,1.9363913967639632,-1.6538195202779218
26,-0.9503245412856305,-0.7127241214305268,0.13457768105490384
27,0.31896205469689837,1.3588836991202198,-1.0653281502916245
28,0.8028706287920101,-1.115817817972062,-1.2398666553475386
29,-0.3744586324961265,-0.6235050796783546,0.17418475591026109
30,0.8348766521555527,0.3315537658408028,-0.8563617783370261
31,-0.4230286582214794,-0.605433281909324,0.7296664710674311
32,-0.30114329542061485,-0.9253122029828741,0.48765678310567007
33,0.4794333946787372,-0.8139881989291137,-0.4779481117873043
34,-0.7116896338745115,1.119665064608528,-1.5648590071397859
35,-0.1946093762102599,0.28588884901283373,0.5350113967149921
36,-0.8504220306662187,-0.6485204106735082,1.4630972350044165
37,-0.6090464731344345,-0.7735404420592263,2.4170357123704975
38,0.47322024596456763,1.35708030239995,-0.8372377866202673
39,0.269808226877748,2.0222098094361636,-0.3967438517182597
40,-0.42499943072146823,-0.6841142578709025,0.6182609578048336
41,0.8372380435382805,-0.7670618440481415,-0.5470827036687124
42,0.2207053070871722,-0.7715847449980424,1.1853139164982067
43,-1.2681190031528577,-0.2202318364046408,-0.2168662053927693
44,1.5865641295286554,1.9545556576069385,-1.1531735728314552
45,-1.0712237584685325,1.8860903667372624,-0.6371494222211039
46,0.15290504694020768,1.5600078266167734,-0.14862115712993013
47,-1.17159051628886,0.8308794457958163,-1.1677642411244251
48,-0.350969255015601,-1.0938271158574304,-2.1332346621741776
49,-0.5020015296563346,0.02634950658339689,1.4218211124990072
50,-0.9200128804817252,-0.3914186421866569,-0.21733062712831827
51,-1.0302099907697084,0.764850191892808,-1.16099168045105
52,0.3417686085005992,-1.0432729738421365,-1.0813283163390264
53,-0.09472460442658062,-0.9437547612607262,1.8183620923315442
54,-0.8201259217182981,-0.6758732724515278,0.2632961463083275
55,-1.3348673867905496,-1.0287766012324207,0.375063559952049
56,-1.2858418617832723,-0.8538664014277613,-0.4953916076360988
57,-0.4918476864343115,0.21016487499140826,-0.1265698390064638
58,1.6023589832630387,1.9507132178132323,-1.250568859536058
59,-1.1467500713196703,-1.1443898858966246,-0.6778683411652093
60,-0.29976975064009814,-0.5833807863765555,0.8453040658407306
61,-0.8959008820168778,-0.4327640628548959,-0.3773816687213845
62,-0.28758019376946253,-0.601666922423533,0.44223486789620015
63,0.5595143966019345,-0.874311953707531,1.8846665822240245
64,0.8717405042839794,1.3158121846341062,-2.0881341514108325
65,0.9189593410217934,1.3634268252759438,-0.8969393886809481
66,-0.9276743565339003,-0.6912584712480697,0.6637578844719585
67,1.7514436309394483,-0.31201912998365544,0.8264702095569967
68,-0.7895795858375625,-0.6150385779743601,1.5910930955780613
69,0.14437248470458156,0.578967031975449,-1.1053046437607634
70,-1.0426715228717625,2.0296578899384716,-0.3056637095773681
71,-1.1209373923536918,-0.7077688062787505,2.4875780933170963
72,-0.26317975697565027,-0.9052533398714346,1.1492523718167458
73,-0.16216364841852718,0.14036447601850222,-0.39862340988273437
74,-1.3868641667830144,-0.9881654009462172,-0.27832246043444964
75,-0.8190895363155728,-1.0985675687621965,-1.1637469418512458
76,0.0025061459342227707,-0.6356924603534905,0.5551366803266442
77,-0.6392823793898521,-1.1557465310883612,0.538527537433953
78,0.679492166317747,0.5460073169817239,0.6197056545576187
79,1.46322108397642,1.4173316446538917,-0.944340991244383
80,-0.18585198030666839,1.1931644406457516,-1.5475856967393384
81,0.726888573661198,1.450826262198171,-0.9586579275210348
82,-1.3665892850351857,-0.9305121418244259,0.4050450757092817
83,0.6273423584923712,1.1137831974974057,-1.8979561846061728
84,0.4742419300034325,0.7595568817642692,0.1659345207817606
85,0.47059696375703647,1.980404798037327,-0.6166451513359242
86,-0.37685768853006707,1.0812738863100446,-0.5893061234890182
87,-1.0364462850195426,-0.9232232081921192,-1.4352098188570996
88,-0.15687765761856592,0.8185912884042728,-0.9714040657789585
89,-0.33354607336007763,-1.04248705517924,1.2963770084370225
90,-0.7412741239122607,-0.7413336356774426,0.18164711442999784
91,2.721450431852757,0.7068777308179721,0.23661359686759506
92,0.7093146119019486,0.13966686360831945,0.7790036768024267
93,-0.4862066759219513,0.6977285323564489,0.4290726638082316
94,2.0285162869041877,-0.35342141876084116,0.26932884454059575
95,-0.06361147629453014,-0.601053564238645,0.5421033114074036
96,-0.017891145930047366,-0.7399318437781568,0.7442528676372998
97,-0.7471810347122954,-0.8653740545033907,1.313911577422331
98,-1.3569552139998986,1.7719754240049783,-1.4045620851650213
99,-0.6575200895025701,1.1329721671708208,-0.2595291000857142
100,0.38560692129319274,0.9610475780171421,-0.9283295478479942
101,-0.6774490639536158,1.7466465848539297,-0.2872565129969702
102,-0.4664122614748351,-0.6469212920251803,0.21556100760516056
103,-0.5609284839730723,0.2296495029413138,1.6627462953998662
104,1.862922797355164,1.4122506467895901,-0.5537242078773458
105,-0.5847123139768693,-0.8868455382080799,0.742930342165206
106,-0.0844400891646241,-0.6171979243446106,0.30372937241143283
107,-0.3878833469287906,0.43068245982094394,-1.8086811017788729
108,1.460039818186003,-0.8043614899950452,0.06862535201487548
109,-1.2917187016117742,-1.019558832686215,1.7581632617018972
110,-0.43603128556281073,-0.8124799365162714,-0.17922634445992172
111,-1.0179771195501783,-0.9206634795953647,-1.4198191422617592
112,-1.209440574784687,-0.5364073441424749,-0.1713732087108972
113,-0.2526467765145645,-0.4617469923872182,1.7222727568134024
114,0.5739673560127069,-0.9199984231296159,-0.8689532802186908
115,-0.46129940657157753,1.0732396940141136,-0.4526109842544879
116,-0.014519187655506438,-1.0610663693824776,0.3349604526101944
117,0.4930742556098125,1.7208654556078897,-0.3022463310965049
118,-1.2700519287533216,1.784429015895277,-1.376843386568892
119,-0.3092591772648406,-1.0349593663106609,1.3000240347517997
120,1.019950967555628,-0.8093047887896485,-0.6945579633211256
121,0.13117065995788446,-0.6353966623519168,1.7335723187603769
122,-1.2768079951898919,-0.9580995670862159,1.4356435541094785
123,0.11764273223100975,1.8756109854816996,-0.42185457792671865
124,-1.3113203580938937,-0.8648762489624805,0.1479917459369117
125,0.6877740763744962,-0.8637633037418689,-0.6688577393247176
126,0.5497989213204777,-0.5886870909378513,0.25524719477234914
127,-0.8938743415333191,-0.6770626123614926,1.109852902704102
128,-1.293411484686038,-1.0654686875853976,1.1604934965916982
129,0.02430553481460685,-0.22033575693542512,0.013988475731758208
130,0.17797761550985547,-0.8221589026315342,-0.1319419579783802
131,-1.0387504504322018,2.0594766549197376,-2.090548871045411
132,0.28700189715862323,-0.8288069173062507,-0.5833795348585812
133,-0.7708698525959362,-0.7594576906276674,0.2367533676474622
134,1.2166000555194472,0.7850567094861383,0.13517811445399136
135,0.1947945177797281,1.9129874452932065,-0.48678476906312035
136,-0.3744463611097637,-1.108190714706638,-0.9261173078884073
137,-0.31758257918736116,-0.9740012247223028,2.7000725668153382
138,0.6139656361152848,1.6129278286755937,-0.3107897772986632
139,0.37131045243326577,-0.8346291916692997,-0.3733098622614365
140,-1.0503874911693212,1.3404724392610505,-0.056269579325233327
141,-0.6573238688196391,-0.9088309657008129,1.2814088906908423
142,0.11354141621056499,-0.8689498988379555,-0.7251306855555484
143,0.5125140755905919,1.2297317874305167,-0.4201458886862874
144,-0.3398838191704364,-0.9603266801219189,-0.9651902464872053
145,0.4712044581314357,1.0418015502474252,0.5794373169662146
146,-0.7404539457573841,-0.6545057092776229,0.9552421567836455
147,-0.3843316918183022,-0.7748217909366147,-0.3428331683623257
148,-0.6945017955396304,-0.6084624518550569,1.2020394211281715
149,-1.2399928033608543,-0.07352853301905853,0.012969584337689218
150,-0.33494057669651134,2.0824041089248038,-0.7584663582917496
151,0.592336527908045,-1.0458156909099863,-0.5557394359675112
152,-0.2401714542902117,1.1948005165786408,-0.686701410193621
153,-0.9518077388007264,0.39572596859151327,-0.9911874406736003
154,0.37930125118580243,-1.0197245117038656,-1.1866062991165125
155,-1.231793998534523,-1.0196827339039267,-0.4279479346270221
156,1.4498778952888,1.9549049703154575,-0.585888745008155
157,-0.09413612462609999,-0.9347221983125774,-0.5448335560215318
158,-0.030487298785468346,0.07964840813714759,-0.4329641336301568
159,-0.2107434548033076,0.3785850891906852,-0.4430640248614246
160,0.5133385062060897,0.2834332854657596,-0.17859002858678466
161,-1.069135435807097,-1.0372832389666236,1.0253864131372252
162,-0.8039167568205745,-0.8726897454891698,1.8310875554496586
163,-1.2391249368975874,0.7975625236263602,-1.5640660044633017
164,1.4726863323250619,-1.0383941581735259,-0.879500335424179
165,0.5198040080833841,1.3823814410532138,-1.0028089196734722
166,-1.4462055537619674,0.9389685696497971,0.1310229239591102
167,-0.6739776588499856,-0.7499912812955383,0.23568013993554746
168,-0.8242597994372108,-0.944431869014919,-1.2258991460205544
169,2.0247768552825725,-0.9981902914367262,2.658604045901454
170,1.7160196012277853,1.122478464094209,-0.47703584260183796
171,-0.581121475479232,-0.8313315399757992,0.08160421374734662
172,-0.008791062449857343,-0.3465436960490028,-0.27525758454388743
173,-0.9767800707985985,0.965652392797191,-1.473698043997822
174,-1.1702562156449292,-0.9680771606359914,-0.44517169303949705
175,-0.20372458630037227,-1.0168417387142727,0.136305336745904
176,-0.3334849594260131,1.2683566209997281,0.15629050783984116
177,-0.03616773568272685,0.5944275775232184,-0.324641779232994
178,-1.2949383610466534,-0.7313354676091354,0.5917526946666253
179,-0.9885369701757867,-1.0023096663457463,-0.17485141652871974
180,-0.2737217283534773,0.745225838859495,-0.5173028132418496
181,0.46416700030064384,1.4186155784453225,-1.106016141960479
182,-0.5126223538039585,-0.8763682528287683,0.9075078724250997
183,2.7025621560144946,-1.0077259694789547,2.53164399274536
184,0.07077490574272395,0.6371490806753961,-1.569445299930028
185,2.3987841081005965,1.526298276962942,-0.27832468173046204
186,0.15653421833286954,0.6794972034734381,0.0548596388871859
187,2.335328586969899,-0.5027290230447851,1.579533983735466
188,-0.862232511047229,-0.6798288197002527,0.6060875721803025
189,1.347211346015309,1.7498584104149466,-0.563675784882544
190,-0.9327150411054789,0.27540946775727115,1.4987121283184297
191,-0.9357525129774757,0.41688111470736783,1.244117431494117
192,-0.741325274938585,-0.994239110596858,0.8078352447008494
193,0.6914251175646366,1.0524566357953729,-1.8363852765164592
194,-1.2345638083851596,-0.6912914463677539,0.42613371831468877
195,-0.46673921494713666,0.9502609063718955,0.6163046794934636
196,0.11753423373574208,1.1238505644132704,-2.2221645897749096
197,-0.06906714027326118,1.3131279260567645,0.1011953611024389
198,-0.16151277894579572,0.17763967007580972,0.3775611510147875
199,-0.12778499502633053,1.8480152815087176,-0.3586330760307483
200,0.9708532114672348,-0.7990471163101825,1.2255432959749297
201,-1.2776044810641667,-0.912554604242352,-0.6293914604627722
202,0.23060296993151108,-0.8147678648945275,-0.19627684178341667
203,-1.0535235593782828,1.392412689035018,-1.5067285448356815
204,-0.24681841473713967,0.2947718711904658,-0.16233338828439384
205,1.2888918860729706,1.646811161401913,-1.2556949272573525
206,1.4346590069707852,0.415810401393216,0.6502975141115347
207,-0.009146082162256312,-0.134972603516237,0.1798890440705177
208,0.5245022480761141,-0.23988892003874174,1.0397450414313427
209,-0.8565061475752658,-1.0022493051097143,1.7847989930574415
210,0.11843186742335443,-0.5968711034544665,0.3479898915441809
211,1.614508870751026,1.932898269678776,-1.1412127481484338
212,0.4486483742583002,-0.5807205255822891,0.46540486486537724
213,0.7710029318975187,1.5539182232378947,-1.0986689490955468
214,-1.0956114378804822,-0.7539201759846029,0.8388373605413928
215,-1.196931718870867,0.850467540169985,-1.5748174189019455
216,-0.502804272722666,1.4250676636218313,0.1255829700243481
217,-0.2914792141632324,-0.6097888970031152,1.1652622773928178
218,-0.8384662983802896,-1.1450614745100225,0.7475602065310796
219,-1.2626160153623611,-0.5509339672327485,1.1788275612726051
220,-1.1765017438092542,0.7644551192194732,-1.0885570970395964
221,0.7255431558702156,-1.0164473297350842,-1.1931155507779365
222,-1.1010883034128798,-1.0499880216256177,-0.045560027772980495
223,0.621227927614042,1.1516290637266204,-0.4821154339757935
224,0.11301089137340184,-0.8485686200965532,1.7684208649500561
225,2.949824880779145,1.4507520681788817,-0.5086770082183029
226,0.6113175073878405,-0.7265593149455584,0.020804437111839318
227,-0.14950291891110765,0.3858725207783451,0.17066160956541512
228,1.3642075806245042,-0.7646324090916643,0.07253876298223653
229,0.04412801550182036,-0.20732218184210044,1.0289949939440926
230,-1.135771979730462,0.8833536549760254,-1.044775865238789
231,0.7295907693879636,0.700665204296966,-0.17185078735359768
232,-0.2960658574393852,-0.5965434481338758,1.2721373720033358
233,1.8797553729798964,-0.7850954619381308,-0.561392976057327
234,-1.0927542095893696,-1.0277184631757756,0.7030281766780264
235,-1.143908880880042,-1.052015118204423,1.860057356307632
236,-1.11830724545973,-0.9657713474470592,0.9381021241439522
237,-0.5751023604682458,-1.0406625599713757,1.021725717308524
238,-1.0178655228336013,-1.0191112932440607,-0.5061247390998695
239,1.3010417735609578,1.5091819542455227,-0.6952448563957793
240,0.7454053059400773,-0.7358044346768409,0.6338621449145942
241,-0.9890660370264508,-0.32444544055141844,0.5609089743186707
242,-1.3304643283143407,-0.7490469493193286,1.4367653085958212
243,-1.0909237682898671,-1.0235974115657547,0.4253624159915579
244,-0.5277253929447759,0.8236697013545309,-0.4041424761293284
245,-0.8883679517743258,1.6929204389263892,-0.5021629722270056
246,-0.19695983269424847,-0.9962571250452418,-0.7000811304218967
247,0.415161704856034,-0.5964402262285086,0.2866137740278773
248,-0.9940594585357013,-0.5917448346631411,0.9555413482696449
249,-0.6878948082225379,0.9590144383284794,-0.013477849463559738
250,0.27919680943634034,1.1988860780174764,-0.9775902043050174
251,1.4720296309063357,-0.8881564040093383,0.8288659627410058
252,0.6081303489019917,-0.9444666605606876,-0.543398598797418
253,0.07587360602705767,-0.8694543063890565,1.6248974617729133
254,-0.41026987912203156,2.065986411624422,-0.41672851020542423
255,-1.4095981250089744,1.926408773111185,-0.6968641811889358
256,0.5224857312497327,-1.023850593416889,0.5283888589569269
257,1.2716887996292923,-0.8021115668394759,0.12045587708950893
258,0.1081121782371205,0.338828971483665,-0.1832120329821527
259,0.3290784155160212,0.5894618528527283,-0.669627674696456
260,1.1429610454412553,-0.7548758606238396,-0.520311473256402
261,1.4207181653176313,1.9073984419569066,-0.8131444139855611
262,-0.9164976142842634,-1.0104880199964834,-0.43544856778574437
263,-0.49774906903553906,0.1189173743408676,1.2902520409857714
264,-0.29435284480245366,0.48466716701532975,-0.9748026486781777
265,0.47120737410443275,-0.9611800161375594,-0.6187140322682385
266,-1.0707425014251333,0.4792326646900074,-0.9689698670870396
267,-0.9572174154553154,-1.0193826044247674,1.219615682130948
268,-0.9754247508493132,-0.7030273403671294,0.26087271235862286
269,-0.09908434855389507,-0.8918724624651025,-0.3817988012768248
270,0.9893037268593047,-0.755265309362567,0.0065876300246770925
271,-0.03129186433492287,-0.8007336679294528,-0.25227742294932193
272,-0.10283435057762462,0.9952044924567732,0.6192901013343454
273,-0.702535787142187,-0.635318101923771,0.548071079448535
274,-0.8894714045559848,-1.1023157989184156,-0.8917569342147191
275,0.5399846674537438,-0.5739765896378135,1.5152905148047933
276,1.83472351598992,-0.8144457985772732,-0.530196411381223
277,0.6239830361008176,-0.8027021498357686,-0.40965043589586037
278,0.5889991968128444,0.6098728581056253,-0.6587371729536412
279,-0.19776998719194738,-1.0027875610622707,1.7563173647154584
280,-0.2892641074258602,-0.187921493736052,0.4721673442722337
281,1.2065430469007035,-0.7712155913276798,0.3483711001137216
282,0.8144387796670725,0.831864612427652,0.9963574916315319
283,0.3201237661890625,0.8046110253213932,-0.9946234438671845
284,0.4535950187007215,2.0775262014692357,-0.5506461750796328
285,1.001517401256604,-0.6784589200512545,0.1853129363264196
286,-0.20871162911869165,-0.6493009848519643,0.36897242454775736
287,-0.8148307577532836,0.4341368131954861,-2.0232569296408847
288,-0.1971860028498374,-0.6346854966086436,0.13331615578869366
289,-0.33475784238869216,-0.632788658738845,0.47300631068928545
290,0.6440376403884892,-0.9000018075428343,-0.6717240655255415
291,-0.7814489418800389,0.7805156442753943,0.799858228981895
292,1.0380205232255122,-0.7990397108807619,1.3595658743685
293,-0.7757066620554665,-0.12284415189502806,0.1933106271851839
294,-0.6904470743377019,0.5121049117815191,1.0359182610084732
295,-0.8351806650563507,-0.2957100689356233,0.4004218752314454
296,3.762001484252754,1.775358238136816,-1.0643217323290106
297,-0.839934065538276,0.5009439865003654,-2.2124187389542596
298,-0.051966538130544,-0.2592694877327796,-0.21333776211127803
299,0.4462075226114007,-0.617671836896258,0.19364313811137254
300,0.10724759224347534,-1.1355597147317913,1.0387374273862617
301,-0.5317687540019032,0.19856067188314436,1.377395192247784
302,-1.2661287300834505,-0.9691675053243619,1.89326778212251
303,-0.5319510023142228,-0.2996822434692735,-0.21812328806695466
304,-0.9410976737295033,-0.27398484447946597,0.6207549606201683
305,-0.9199931369145572,-0.11739903046336704,-1.2863457365900637
306,0.7712642152279476,-0.6852313948440163,0.15366903680717028
307,-0.956998899728844,-0.6728188821282399,2.421624397325676
308,-0.21589142288140525,0.007939713837603703,-0.010854157134877656
309,-0.524037537595547,-0.9713034477431415,1.106446459834377
310,-0.2790510942517704,0.6924888417286676,0.8374493922713906
311,0.6833714431443493,-1.1573195560773628,1.4960547748117106
312,-0.526246083393676,-0.0021150778207546274,0.26640852375977336
313,-0.01436816455403069,-0.8641733269991282,-0.6638693919562014
314,-0.7141551497930112,0.1531716073010923,-1.2909583431946081
315,0.15146516377400654,0.9843592760015792,-1.379695359780096
316,-0.6853664773857252,-0.6695351330805385,0.5032142277708763
317,0.3660014375965146,0.28412621708564806,1.1104179662359126
318,0.5567507224444794,0.21632409639309444,0.2145995281695702
319,-0.842805873694374,0.6261194271101037,0.5896894524088042
320,0.0516230988448474,-1.0824992540328755,0.41788860925391064
321,0.3989126275779123,1.658687793491551,-1.2488601702956261
322,1.2539886005390426,1.1989370078103785,-0.42278495921813397
323,-0.20793203158802492,-0.6132578516488734,0.6490353053696276
324,0.18354499770403837,-0.8433565950352865,-0.7643685126660482
325,-0.15451079878646876,0.6613181667028921,0.7731731165073017
326,-0.17293482742381502,-0.018863050287040523,0.46854167657296214
327,0.735764309468922,0.4104649039460245,-0.999915083575877
328,0.8697180947621667,-0.7601941466110376,-0.48851430431228565
329,2.0175676587921383,-0.7170173143433057,-0.033529146831100975
330,2.3723699489545247,0.8580720429031674,-0.051361882088865884
331,-1.4208801460336944,1.0872966661677836,-0.8259354907705082
332,0.3458385778113253,-0.9748939282801933,-0.20151807515951622
333,-0.43137441593697756,2.0625381712222794,-0.3808942211929398
334,0.11759935713267751,1.9460050414027332,-0.4634363849372427
335,-1.0345500520792923,-0.7481275582705073,0.5214445750148892
336,0.7023250853772969,-0.801043752820805,2.1227464558017166
337,-1.3281460082827579,-0.9438051321532948,1.9010655563401428
338,-0.6249441756664036,1.2530172869618144,0.11827524788087034
339,-0.29490250571241045,-0.8443282083340314,1.7765280827891319
340,-0.17867249029114185,-0.4505514851479213,1.641685846166926
341,-0.04316971584205401,1.9634100012112017,-1.8128036563092629
342,-0.8914054236463226,0.32466255965841584,1.0920440890957022
343,-1.213134991073159,-0.9414210379863833,-0.36328600770136776
344,0.35592255918029236,-0.0467743932234402,-0.43992704228491614
345,-1.1867088642879122,-1.1231634450569612,0.6685336708989643
346,-1.00178040828713,-1.066066186973319,0.119166500188679
347,0.1988424350446635,-1.0949936805787996,-2.194189758661639
348,0.28937634967040043,-0.8397477406497666,-0.7637369811227844
349,-0.6455681236817621,-1.01132930472368,-0.5340313935124471
350,0.20512192214451727,0.43679193909293706,0.45812038089556895
351,1.0309269329145263,-0.6944738947299849,-0.13387619419854904
352,-1.123050136288978,1.0219899656023461,-0.10617885421792524
353,0.04466036282210642,-1.0455955540410777,-0.2345591698706671
354,-0.851368385402658,-0.7167867330244124,0.15191164992338702
355,0.0550708116678761,1.3837786918872885,0.12492597901140183
356,-0.5719297818473825,-0.6889645696224979,0.9152742067607103
357,-1.058691878517923,-0.6972111789764797,0.2576419227428148
358,0.5283089293249751,0.9150010370551164,0.022404624585503966
359,-1.1351276104475365,-0.9623032660830724,1.2241464425208766
360,-0.19157190433826307,1.3642171802102385,-0.8319399956303095
361,-1.2978231088329262,0.46737213591623233,-1.3464254715796524
362,0.08920634581143794,-0.9358771658520239,1.3654027568138156
363,-0.34257763147483555,2.0715966881046715,-0.2631164931460009
364,-1.1581585726731405,0.05879419491968188,-0.06440840791525727
365,1.762055038924269,0.7003913780647585,-0.4357617705235157
366,-1.337487753025084,-0.14315518385074746,-0.23096135380601399
367,0.2786287414468396,0.8992819651717722,-0.11941658237032078
368,-1.1333262681285676,0.07857214075093046,-0.4330946774881264
369,-1.2934023115209847,-0.7389846823690082,0.43793751445651463
370,-0.3045442919262524,-0.6280555414009574,2.4047534832413513
371,-1.213812590298364,-1.0263589381142206,-0.652114635195576
372,-0.8106217329802576,-0.977531204298239,-0.8398746358561014
373,0.21253839571549693,-0.9085452628365154,0.8856689443742188
374,-0.6936660047793317,-0.0831181100122114,0.2596433104501324
375,0.6643876691904312,0.3498130746717663,1.4440340726246177
376,-0.04555631824131936,2.0006864178629886,-0.884722260611862
377,1.2761790335482277,-0.9449816872181276,0.6494166848080918
378,-1.4333850532340808,0.9137746001355068,0.20367399829732577
379,0.31810895034692954,-0.8693992197749232,-0.671048108062027
380,0.33893847445858494,-0.8187939034478313,1.092102697136649
381,-0.07311050133038846,2.0883424249696225,-0.708914370319232
382,-0.9484054665569029,-1.0751800349887404,-1.2253214381883641
383,-0.02646726551231803,-1.0389089752433407,2.455746750588172
384,0.09403616908566259,-0.8640993774987349,0.5463470120049392
385,-1.0725496756900963,-0.6613453219729619,0.6182944481139465
386,-0.032278192201197625,0.6218218677884679,-1.674484407951702
387,0.09146525289320451,0.5108504250514156,-0.9219467391903616
388,-1.0485311706094689,-0.6887026200223797,0.7810633308128428
389,-1.3134049142902076,0.7731545775687784,-1.8673699637267505
390,-0.13325244439592474,1.1682527507312155,0.3026296600162909
391,-0.7395318300464833,0.30964211319210927,1.0595789935275015
392,-0.6058712215383238,0.6363623236619993,-0.8574772106731797
393,-0.5867543455669751,-0.5835823398093708,0.5380612361402388
394,0.7967938018154562,0.3236974785073202,-1.7164546000265761
395,0.39040770633632127,0.7064613500694179,0.9194664758121082
396,-0.9193422674418258,0.44981955655714395,-1.0930899078566139
397,-0.8018838983955219,-1.1272303881284325,-0.029609242844626876
398,-0.303958363602144,0.5793115241685901,0.9263012327738345
399,-1.176239609986701,-1.0461225970556909,2.2289040718001774
400,-1.0858036234541169,0.8961381507951032,0.2821253891311118
401,-0.8966726428701147,-0.7651116311964813,2.0615432576365444
402,-1.3299946744134925,0.7967106197928245,-1.2228513570223964
403,0.40132681022177547,0.42244737778634334,0.0004083262555796487
404,-0.820176708247998,1.3370252817283044,-0.07264463179198638
405,0.4821551517243583,1.412885732224948,-1.32981547434234
406,-0.9217880397931577,0.21878489963079634,-1.384990587736194
407,-1.4314127012487183,1.9343912671262558,-0.6253710855489606
408,-1.0421545451591487,-0.7459866206799959,0.6418993064948124
409,-0.2789014683873559,-0.9294440134243173,-0.2636661784746471
410,0.428348463742246,0.5516997518110165,0.27703503301494203
411,-0.42707457075497895,1.8429048016518175,-0.2763954007090913
412,-0.04565321359403595,-0.8962933291728451,-0.43194216659545487
413,-0.8749439055854734,0.5012729692092486,1.166335505104733
414,4.487397091097352,1.9803566976773637,-0.9354447007140753
415,-0.34648296981009924,0.4284084340884868,0.21206913027341506
416,-0.5121770604275239,-0.3640462538282311,-0.8733347011690058
417,-1.0071933654113405,-0.6772822951238799,1.8929210890756263
418,-1.4341543233603826,1.1699438084844254,-1.0771679997764234
419,-1.3527395067887542,-0.8666187255463847,-0.10661115259575446
420,-1.1337207142258652,1.991477836241017,-0.3485851289523908
421,0.5392753570221951,1.4582355689898334,-0.4229847049903406
422,-1.0154368210741902,-0.036755406117704996,0.43636176123898895
423,-0.6878948082225379,1.7781527398049661,-0.48849345830355223
424,-0.287531654968948,-0.9508363778005271,-0.5383601868341573
425,-1.281590373153476,2.0445007807550386,-0.5170183164833179
426,-1.3016376875086546,-0.10448403141638618,0.02145715640168438
427,0.30791470874900895,0.8158014675264168,-0.6407096471224671
428,-0.0591076952510456,-0.8486855001288236,1.3777572634978317
429,0.3031415039504783,1.7893925049644326,-0.3789897161655547
430,1.8070845874356223,1.3809841902191387,-0.6200625298167874
431,-1.3052826537550508,0.7866586924986763,-1.7496701519091746
432,-0.19573360529952327,-0.19283590436966083,0.19874989764425033
433,0.6090494271410202,-0.8651950317402748,-1.1028323412987826
434,-0.10326828380925826,0.5492155446218434,-1.7120571173974009
435,1.0513615856828218,1.8993642496609748,-1.5102896240816652
436,0.41712561266959197,1.4106411535538186,-0.9215973122406935
437,1.1219324454231097,-0.6077426231566124,0.8563379266108174
438,-0.03291174808425862,-0.9319505416955643,1.3600318339243669
439,0.6935473991616007,1.4183900621607033,-0.9324468054417383
440,0.9741490506966638,0.7865539336173913,-2.058191081161509
441,-0.03787582761522563,0.6620986360875355,-0.23389876147924007
442,-0.39969394880867565,-0.610409660617424,0.5147688970214472
443,1.016971268398637,-0.9136503632777044,0.32584579159495974
444,-1.4396178240165434,0.7743161820496869,-0.42055511975937077
445,0.7553599517567352,0.4741437024959519,0.003526171512595639
446,1.0508853708427301,-0.8241804800695449,-0.7980242228969823
447,-1.4055152768175112,1.3005479877597954,-1.1330134319592988
448,-0.2702707958102644,-0.7775630573479866,-0.4911812264787508
449,0.7277518839166567,-0.8003851586401637,0.60786836810668
450,-0.8432734013649118,-1.125950436501878,0.7157914018283538
451,-0.6245164996268264,-0.6104130140194257,0.859844156932184
452,0.39975765225270155,-0.7083510407013095,0.12854327413339584
453,-0.7546087469292014,1.5492322980469282,-0.2556884792799957
454,2.2434583062193574,-0.7328234349536126,0.14720882452694728
455,-0.20533912409921362,0.401712629515191,-0.21262404261554937
456,-0.3046287943937312,-0.5871704100887337,0.35023374225471615
457,-0.93967753413047,0.9072347326753476,-1.280606762038226
458,-1.121645791543679,0.09376685932751709,1.3961907738925319
459,1.1388481262782597,-0.7851808688953638,-0.4515816698560525
460,-1.4349610151401473,0.6317208659788272,0.5784573836868274
461,0.8068271789030356,-0.9078317566980949,1.720661121121828
462,0.1924710340459632,0.2693134370245558,-0.07342960362904022
463,0.4609717013901781,0.34347800925261174,0.38100176766932015
464,-1.0922968270748845,-0.9936359174117878,0.47322792768376903
465,-1.1376659649415268,-1.1162761511769093,-1.803369299537143
466,-1.1853972231841465,0.2983310533088341,-0.9848164219717273
467,0.5644233156437056,1.2124753204544398,-0.7422206536004978
468,-1.2236179747472318,-0.8534761143385332,-0.7038082942620505
469,-1.2136810070168693,-0.8516646135634259,-0.7734501959789427
470,1.1576731012027093,1.691872500800833,-0.2902855064134835
471,-0.2933697366563633,-0.5815720801031162,0.6342206279172369
472,0.3022637960783462,-0.6198802267707845,0.45639614258305017
473,-1.2713280921856223,-0.4889465058861981,0.8838035683304397
474,0.16252897281944226,-1.0836061561436297,-0.23194077447862851
475,1.400922049886266,-0.7686084260651083,1.4693722253709787
476,-0.6832412798157639,-0.9073022684945222,-0.5860098910753017
477,-1.1646674496487674,0.5668741753192381,-0.8809498165068376
478,0.8397681361087787,1.3563984439929215,-1.4846174225888
479,0.48217483454208926,0.8647961728170702,-1.1539214661119919
480,-1.2263439235040365,0.883822712081024,-1.4752956684376257
481,0.3526478000056553,-0.822905593477264,-0.05196282809472546
482,-0.8571403109527013,-1.0186193910879247,-0.2769960049771024
483,0.9549751310035588,0.9998046963090698,-1.9632997076698346
484,-1.1336240618708984,-1.1299553067050456,-1.0999699450832114
485,-0.5983596750977507,-0.992970616427143,0.7664613851708854
486,-0.5340330677836019,-0.4308162253296537,0.2553890159793063
487,0.18908255192443824,-0.7310243697109284,1.018732093759288
488,0.14376499033018209,1.0365618596196435,-0.37059390071376974
489,0.9686159919346341,-0.8228867305910039,-0.2964195299177091
490,-0.5871562638450777,-0.6091015893178338,1.4053093648930188
491,0.20974319260001076,-0.2595043655979875,-0.21749021870337534
492,0.5483562436801542,0.5401885008144893,1.2646217023792974
493,-0.009323592018455904,0.5066544807966885,0.1659345207817606
494,-1.1218272501133122,-0.25106863834361387,0.3335166102020297
495,0.3229117401214935,-0.8879048289966631,-0.7618552016622974
496,2.4550903924356122,-0.7819499009979194,0.9348853457799149
497,-0.9068965301935061,2.051080993833031,-0.5310475094918821
498,-0.8308946707460884,0.951668881106122,-0.6462917640020329
499,-0.9570148160814532,0.6359001829486287,0.613611101774847
500,-0.9772514864331322,1.8827788473292335,-1.8182396802587715
501,0.6030307373760964,1.2803821301657365,-0.7037883025979375
502,0.8906556313735902,0.014959536959267489,1.288790257340582
503,0.18105275203306515,-0.9580425243209147,-0.6803348340837727
504,-0.358262467978015,-0.7448420975905341,-0.4228278473180686
505,0.21449470984937513,0.014573057378562173,-0.6912909494934202
506,-0.9509732237786142,-1.0305877876260903,1.534707375857362
507,-1.0353453229648186,-1.109515133840987,0.8583833985005386
508,-0.38673579005555025,-0.6106437350634023,0.4345640492891307
509,-0.08100792819758004,0.6328128524369276,-0.13109974505177197
510,-1.0748118024920472,-0.9602908406380251,-0.36643990630135687
511,0.39099150843011876,0.623190405117903,-0.009412023415952717
512,1.2349695311619722,-1.0829535002790331,-1.695137676538647
513,0.014857843053385382,1.26068382763203,-1.5837290876354166
514,0.5815191185808654,-0.9334992545200532,-0.07009287528032514
515,-1.3426408240559264,-0.9910921524058126,-0.13770365809711607
516,-0.32729173652732396,-0.6399797848127664,1.4059026217972983
517,3.4584284656902162,-0.6466120804155995,0.20369894516023682
518,-0.811377395232573,-0.7061743684207166,0.6342864124529943
519,0.30251056029322704,-0.9522064870371502,-0.8826345840979031
520,-0.567781992507296,-0.6981495377053736,1.2905290195116454
521,0.8021112608240112,-0.7497337330355475,0.8952232511310156
522,0.7198669106841401,1.7460344143322502,-0.8423327561973867
523,0.47578435822003257,0.7633074523156349,-1.0213854473575967
524,-1.2658902277920614,-0.494188432115314,0.9480589980857946
525,-0.48407649689812,0.984298425727755,-0.6479584194871502
526,-0.8687703655045148,1.2850437431921904,0.06318249330840471
527,0.3704787318852753,1.1911093291877235,-2.2537232257010618
528,-1.2231129039243562,-1.0791580081133518,0.9951767873663939
529,1.808189133707155,0.8519334658825549,-1.7762324096273803
530,1.3920290004888718,-0.7098943741100872,0.9486522549900728
531,-0.728480960631222,-0.6216227033546886,0.9409335930842713
532,-0.3052666027374133,-0.6594441526255778,1.6563631450043856
533,-0.9658420130886629,-0.691910707937416,0.3896627716912201
534,-0.9019877326506096,-0.9701062482972352,-1.2723324343914355
535,1.1291208656059395,1.860241226306874,-0.4765326336205308
536,0.18385961904053968,2.0408358966110716,-0.31420715577952635
537,-0.15204279214103375,-1.0548151739446383,-1.4416517481624507
538,2.691008645753855,0.5872954852970367,0.4600465862763074
539,-1.1151228814480032,-1.0235285969621766,2.1042774046708166
540,0.43881395157833586,-0.6569986842157796,0.949128466681382
541,-0.6218564640096441,-0.6387503438038638,0.694191690271134
542,-0.757005190737332,-0.8657379335518546,0.2502749090826932
543,-0.47490491133006296,-0.5157610418491195,-0.0051394459702534066
544,1.004953875433706,-0.8389873916771339,-0.3569657370699355
545,1.4911322915093235,0.6186531124844109,-1.653040528853209
546,-1.1410103429714704,-0.963338838538747,-0.4296670468718204
547,0.8522138733570986,1.5173075267460028,-1.0629206071518564
548,-0.8780405474095367,0.9296721708129038,0.4102770821634838
549,-0.8053364711735458,-0.107970975666633,-0.94179760731
550,0.35395014644549266,0.7332314534558156,-0.08603973022342598
551,1.0782400527792464,-0.7405084193348379,-0.03298458757017533
552,1.9235026223657674,0.9584346840261513,-1.9281984463414956
553,-0.027861525851002152,-0.573784747098295,0.45589464229098275
554,-0.6758119881134844,1.6189897315566868,-0.0856629642459108
555,-0.5467410603533497,-1.0715832318916643,-1.4043708828390178
556,1.0683714281660037,1.6639274841193326,-0.18434677350672243
557,0.8053263640510822,1.7432214689530903,-0.172385948823701
558,-0.19798096998817624,-0.5686808692515857,0.38066840239851163
559,-0.9557281429964752,-0.6801597934915741,0.655558568282823
560,0.460518085340814,1.3370031702338552,-0.8584472335549731
561,-0.11430384436628452,-1.0599747671683564,1.3030822467543246
562,0.3403549083419346,-0.7991056611201303,0.6468172558666226
563,-0.6899761446986675,-0.6534845285055392,1.511003584369474
564,-0.5536348457645962,-0.9530820044097816,0.04498785766951648
565,0.0391378744621916,1.7740684009606107,-1.6425375578301242
566,0.4799697514618941,0.8147305795559109,-1.0870361927466885
567,1.1187934612411508,1.4284907185776896,-0.9771785810669974
568,-0.23793411325873626,-0.9064982554333246,0.856756384605799
569,-0.374674110750726,-0.593818948732513,0.6482609274058632
570,1.039124887248733,1.1672707279137566,-1.128814499019862
571,-0.3069426797163809,-0.9152360683180254,0.21114780503497424
572,0.5675316821091948,-0.8668884997511737,-0.7862845026016723
573,-0.9658846591937458,-0.9791669309184198,0.11011130155901111
574,-1.355554817968033,1.519697140053709,-1.0999097992219482
575,-0.036709985161315864,-0.6399984031801303,0.42371643564625117
576,1.6339486907318055,1.5769486196981615,-0.17751201654499607
577,0.10659933499655366,1.7282829363169314,-0.9054443893751967
578,-0.2644712292661859,1.4759972469362406,0.10613039736665403
579,-1.171846939664294,0.24708184886612977,-0.34031507302870156
580,-1.13631520120005,-0.9597842673481309,-0.33636612132514004
581,3.399341558104698,-0.6477591884191042,0.16929431643522155
582,0.21373333714994056,0.10899462288632958,-0.0869273942838303
583,0.5386363336897643,0.6257701144015848,0.992940113150668
584,0.023481104199109336,0.8056661592887451,-0.9139570791710271
585,3.09541449182076,0.1770739232130927,-0.577572041868202
586,0.4036912390763749,-0.840975400163856,0.31235620264852365
587,1.5561894108086878,1.8151798869079545,-0.9549656209413865
588,-1.3184739688490708,0.3758482241194407,-1.0055474359191117
589,1.1133260118715562,1.068000003386332,-0.4201458886862874
590,-0.9293340311647592,-1.0500887634107543,1.6259520647721075
591,-0.9698465552552662,0.3667914887318623,0.12902563710596957
592,1.433983108729828,-0.7933930709475563,0.0995140108898553
593,-0.0213157132174114,0.09560365034272122,-0.17481690100606337
594,0.34849059450276554,1.3471008574928192,-1.3240424968746178
595,0.08454218625311201,0.7114696210278055,0.9419482127552397
596,1.474785164639174,1.4145182102369396,-0.3842634146372231
597,2.5145985973697758,1.494562239318429,-0.5641123549834739
598,0.8987503116641495,1.299224861082468,-0.7752567931128506
599,0.2535923187924686,-0.6451645285514976,2.040212664634693
600,0.8272632289083925,1.541966698503551,-1.0824229026664465
601,-1.288378879789639,-1.0300339173954631,-0.41214563479366223
602,-0.30150615181044366,-0.950050389275089,0.30209039769201057
603,2.6308300100281046,-0.7325872297001123,1.424711360349197
604,0.4075754366074095,-0.609901655145425,0.2678258814847114
605,0.16745727093175705,0.5632431395767272,0.2957949030545645
606,0.6573754831256143,-0.6009284404264535,0.5341362060860436
607,1.0202624299213827,-0.6230631641708074,0.2519318250391402
608,0.48957132154815114,0.9663383381629093,-0.729092452428413
609,0.6750758644641761,-1.0158677850203808,-1.5457121189872047
610,-0.18918402620081148,-1.0461599735155023,-1.4354644135539234
611,-1.3436060111179722,-0.8891088400403856,-0.19332439764487389
612,1.4943267399276654,-1.0138497007094553,2.3857367972088914
613,1.0215943613372536,1.0012812760592493,0.6050676555726888
614,1.5057673777335412,1.1294790400856336,-0.31249846653909447
615,-0.8542005849255453,-1.030026581828584,-0.41573644523242964
616,-1.3738396696442046,-0.7440672521404978,1.8696989770846164
617,-0.3375480640503083,0.534799513935087,-0.31238125045720117
618,0.7286834765397981,1.2413966661562503,-1.0249559243944026
619,6.38853105296241,0.789651149678744,-1.0154221219084902
620,0.24946901147567038,0.6352015575315914,0.7383454163263565
621,0.01705272022809026,-0.8679467076703603,0.6556446862205406
622,-1.4308604281129518,1.4588809242188217,-0.23048138299837628
623,1.5307383124943519,-0.6512191657282534,0.17355749609009852
624,-0.005739375209499632,0.4172188651652347,-0.9318256969028409
625,0.02566765870088502,-0.8413414449511126,-0.371867557673588
626,-0.6676935547928863,-0.6661911625218883,2.318845201693397
627,-0.9813145910574275,1.8997135623694938,-0.7465055336087282
628,0.7031410718209897,1.4776646212878135,-1.1723450661090977
629,-0.7816399381113501,-1.0026906267856568,0.8549195436723347
630,1.5642840910992466,0.7857210323951994,-0.5847469988576983
631,-0.04660163381134828,0.41091080161844873,-0.6514123639177591
632,0.0076862504647261685,1.7414749054104965,-0.2646551678070093
633,-1.2303628025378757,-0.8513299370573939,-0.6393960068344237
634,0.7008373316543928,0.4203742417925555,0.4717898948190223
635,-0.09202568916943667,0.28783039890932277,-0.3946040601824669
636,-0.9183108027435332,-0.7378261169086642,1.803343055645998
637,-0.2766349676259093,-1.1158743018370294,-0.5146562244773453
638,-0.2252242982058653,-0.6329589486842478,0.5800522742238455
639,0.2315273333715971,-0.945662183305593,-0.6693609483060248
640,0.735389546189355,0.2974617886336852,-0.2635631445134499
641,-0.7219145539383393,-0.5770445682254629,1.591731974485059
642,-0.20486576448268154,1.7132424742324268,-0.19579892140286714
643,-0.6326687096346412,-1.1536507945623322,-0.48533016191274136
644,-0.8148611324720036,0.6722287046345797,0.32484262014190246
645,0.41183239268657545,-0.8181988492488697,0.4316493671828021
646,0.3999804811892315,-0.7938544082416971,0.14957587173171677
647,-0.41816730598922336,1.0847670133952325,0.6306979941791635
648,-0.7543069437239999,0.8385972306403715,-1.2343422921642992
649,0.929255216428551,1.582537623034462,-1.429981229781379
650,2.2916994344904107,0.8828803362559821,-1.754121970856195
651,1.5124774568459693,0.4708114339130371,-1.6730694423917007
652,0.31619874503606815,0.8705041869931627,-0.5660858910561724
653,0.22730336423696082,0.9385675935916886,-1.2147299570626247
654,0.3030823339984118,0.43979665714907357,-0.3799669155421574
655,0.15652237219256865,1.9374393348895196,-0.5790539880464286
656,-1.158710845808907,0.4006767077468077,-1.1470711600781773
657,-0.8970543315855498,-0.02374001459829614,-0.8642900964126291
658,0.18939990698562437,-0.7989582860884062,1.7714165389263803
659,0.779811600326309,0.8594603164006338,-0.1740946380641329
660,1.2401167094973835,-1.0580843566523945,-1.7148118661908252
661,-0.10559468351602047,-0.9666931836848401,2.3350779203464214
662,0.5010070386495944,-0.9449319800197054,-0.2331971736771188
663,-0.07128801820719032,0.5192297383033638,0.9348446789759933
664,-0.29397091308926876,-0.9414859402876261,0.34209610974716054
665,0.36775229713297103,-0.9647294524313602,-0.5586987148630148
666,-0.9663727809235757,-1.015712026483652,0.5122318352372542
667,1.2670220885945938,1.266409621824986,-0.842192131072899
668,-1.2526160504653734,0.05862376524919549,0.28137117370038456
669,-1.250229448066108,1.0360952477036043,-1.2878105958758854
670,-1.0005157264985054,-0.1663417929542636,-0.6803647361454801
671,0.21264258100070627,-0.5765304847123358,0.594403213416383
672,0.5175791814360219,1.5279382302668956,-1.3811990063116761
673,-0.2090035301655904,-0.9321247090120319,-0.3103284312037465
674,-0.702106045621737,-0.7046387198915264,0.5405292668791177
675,0.317973843598063,-0.3944834420286588,-0.0894748790723891
676,-0.009945787756715825,-0.8586025927174836,-0.05312952110809256
677,-0.13075582476545566,-0.7447191744484063,-0.33374430855462195
678,-0.3147568798542799,-0.9700535020782489,0.17404002993159648
679,1.0337442488252404,1.5441132250973983,0.2462429150820475
680,0.5598671078357107,0.43596738644447863,0.43829258008067706
681,0.29624607830442085,1.0197948496107436,-0.1142905146490257
682,1.2774357571605475,-1.0769839906093437,-1.7898060660844453
683,0.5887763071268776,-0.0705465202889755,1.0351566982140123
684,0.32152063875355646,-0.8740062002937645,1.309307685132912
685,1.00536952308467,1.1548726767441129,-0.011217766205240733
686,0.36061630371465175,-0.734141601390479,2.2543768692586843
687,-1.0161250514509472,-1.005639350014618,-0.25334501198674414
688,-0.9655197373230441,1.2384646051434856,-0.10574706844686806
689,-0.39386753101324895,2.0740206039203537,-0.5277933108334797
690,-1.293683095420832,-0.8954011845152882,0.054611366340552144
691,0.9516428421116659,-0.6320327809688813,0.44431536791534976
692,-0.8498157512805682,0.6211409175944816,-1.7576076969066758
693,2.836945318331564,1.0704220678446594,-0.22187659485248662
694,-0.35908653409688773,2.092629924085253,-0.5574530804067399
695,1.2651996054713956,0.6065579154330532,1.2509521884558445
696,-0.9675157815890082,0.5514791608355869,-1.7309531699694867
697,-0.4473270359603925,1.8522070340109429,-0.7721358722152023
698,0.61245084889272,1.4132070999167854,-1.0088949290100415
699,-1.124060520932479,-0.8996248991303427,-1.1949667447010206
700,1.3739410984888805,0.5188804255948452,0.6699978467090905
701,1.900693942331756,0.46967117243861956,0.6954564620469026
702,0.4409404248864832,-0.9027287870644279,-0.7354530481259203
703,-0.7008448873004839,-0.8583076330664104,0.3790569375758607
704,-0.7581037835639958,1.4175459829318386,-1.8401264516083844
705,0.37259323755424717,-0.9655179210770287,-0.39085998031883307
706,-1.2121094798197356,-1.0844053486894498,-1.4986797641686287
707,-0.36826905456368386,-0.8367752641566263,0.24097776005658095
708,0.5098907933830605,-0.528367842293374,0.9018902148093328
709,-1.2637777876039626,0.8537084984108929,-1.89866016457323
710,0.4277560959777691,-0.8927663187549311,1.717336353597796
711,2.6970638459306806,1.3016902053853807,0.25478636128420573
712,-1.2937008342565646,0.6799293382251465,-1.473511626001691
713,1.6847967596117184,0.7771623121361562,0.19847889953071793
714,-1.118513854296463,-0.9905995166929886,0.039881610743411365
715,-0.579521456795939,-0.9751059610942642,0.8361506175797383
716,-0.054885670098407696,2.08065754538221,-0.6901187886744842
717,-0.4352998015865965,-0.6821204158619482,1.4815618435432931
718,1.4723551871415768,1.9342955205128507,-1.1309606127058442
719,3.7474216192671697,1.7606871043790282,-1.02160450131822
720,0.40801319705360173,0.7377032150251894,-1.6147323995584282
721,-1.2441513453513675,-1.0281544403672778,-0.7319121314129732
722,-1.258420902210509,-0.7728145353196535,0.6473001314459697
723,-0.40950844567315947,-0.691260776711946,-0.027853222912234937
724,-1.0697562950577333,0.5711819695032329,-1.0302916482854982
725,-1.242681755710258,-1.0597490063648407,-1.3439249757452039
726,-0.6479795118515029,-0.6790985116205525,0.07755444937859918
727,1.6294910792607753,0.6201715398970714,-0.3055828885762964
728,0.4788849487575292,1.1597359130659235,-1.174201556968827
729,0.44854570770902646,0.12484695756797352,0.10186636336715715
730,-0.4463842654407621,1.6535559007656186,-0.32692134154865454
731,-0.7032675748655886,-0.5679545433367627,1.1982818426195394
732,0.11346948887663598,-0.8539064675954283,-0.4898062442469759
733,0.02777305195424083,-0.8756071004369058,0.3137749273248549
734,-1.1845687831057783,2.0658779150971562,-0.6143252639541906
735,0.758683431980199,1.7191028236807042,-1.4585428247798133
736,-1.2919454185123,1.069108128091566,-0.6823885076818473
737,0.9059810742048753,0.5233218318898484,0.3564029647572944
738,-1.002680350453365,-0.9884580900646851,-1.0471661506172292
739,-0.24424883503230513,-0.8084944182371557,0.2853296940636933
740,0.007274065531696162,-0.8298752203627137,-0.6189453887913934
741,-0.15945562074576716,-0.856026621079783,1.4218289724695128
742,-0.5044965698014301,2.048892759301786,-0.491440092898677
743,-0.5032694919145809,-0.5802396267764713,0.6342098631750233
744,-1.124864721985309,1.7268055182162514,-0.31136611817946014
745,-0.6007697875293052,-0.6136318258346135,1.5644209691416964
746,0.71764961696702,-0.7882419660226553,0.37690979867633495
747,-1.4010182389615824,1.1581232061532343,-1.0412093181872357
748,1.2977281954957964,0.5053581813353755,-1.5197689193808077
749,0.9470970224574728,-0.6733804023071838,0.11968303694606128
750,-0.9721430054893705,1.1411020362176154,-1.658618544878598
751,0.06858871573757307,-0.7813462886375989,0.6210263004715479
752,-0.14010619592789844,-0.6204740234439955,0.6689259859485689
753,-0.20744962030531447,0.7755646256699331,-0.3513586733274586
754,-0.03188769481733374,0.007281748419837511,0.047784811087179184
755,-0.9985942217922801,-1.026984696900261,-0.4779096662793945
756,2.2911802090486115,-0.7616384847982209,2.12731121910753
757,0.4044256390255865,-0.6124528954433627,1.0899589756156034
758,-0.9130205594829512,-0.7545438738256632,2.150023629098119
759,0.0946612807969196,-0.8278478443337415,1.0570515004030552
760,-0.5821907870770497,0.9660006924988547,-0.3620504545116121
761,0.20532026905775883,-0.8833519220851004,-0.7637007569108877
762,0.5647585917889366,0.8098579117909701,0.8887100694843388
763,-0.5811930990659736,-0.9509831590006467,-0.1638155053315441
764,2.069099827087062,-0.7271941209307495,0.1290128219366659
765,0.11634093253610929,2.107636922012282,-0.437327613343447
766,0.30191867852424975,1.0662202551364288,-1.0417468718222764
767,-0.29366418917963477,-0.6307250240507286,0.0860322819139254
768,5.5716057267135595,0.6226940317590979,-0.886184044257052
769,0.2062750072165647,-0.8316349529944185,-0.769708508280245
770,0.8073007207678801,1.3492750845844528,-2.0865220031124854
771,0.1482800707690304,-0.8185072574392208,-0.3188288184370453
772,-0.251721805580104,-1.0261816619146473,0.9614383765762224
773,-1.2457735983287637,-0.8893403645035918,-0.5128901232784348
774,-0.01551687566658248,0.39422891911661423,-0.8410232167635195
775,-1.029286538571184,-0.6524630682832885,0.6929604088044796
776,-0.7796264587568409,1.8029539421097978,-0.5824713665272918
777,0.17904431488186298,-0.7959389318297827,1.39888315552868
778,3.088765891139022,-0.6493020677213607,0.1945304604339284
779,0.87336573398381,1.233923539932742,-0.6217712190572193
780,1.1275461186886218,-0.9457580696440813,-0.7026942288772887
781,-0.2146566905654386,1.2370673543094108,0.27016456444809034
782,1.2640341882635477,-0.7590615001536656,-0.4649437905851513
783,-0.08263747110746875,-0.7235071602236047,0.10831615264301374
784,-0.799452888157488,0.5573431431360328,-2.285615910373718
785,0.6517959510439434,0.6356306532627356,-1.3603948604648006
786,-1.2199173620161408,-0.7628679956696653,0.6121534189838352
787,-0.25395841761833027,0.7309684660049478,-0.8799603145677032
788,-1.1759297271063198,0.6870408559327965,-0.8863135629014763
789,0.21965215483971345,-0.8755443638744559,0.9349017491966242
790,1.2715132337550907,1.1163242029329834,-0.3751654987765448
791,0.6388729054656581,1.8557001610961303,-1.5547155443328873
792,-0.36713583455767923,-0.9468104440410358,2.941788360227745
793,-0.10082403019386249,-1.0347535861940726,0.20378198745732157
794,0.5520012099265501,0.4098948605369926,0.4752072732998855
795,0.6094133770207234,0.76878963582567,-0.09088232639973283
796,0.519669873325517,1.9490112265722457,-0.44470744217287167
797,-1.0380009238730679,0.4909123892058533,-1.6652808950959648
798,0.5203602299325845,1.6781721769225606,-1.3208634805427948
799,-0.9374593291717881,-0.9732862514705065,-0.9415213122598223
800,-1.2593616072492664,0.013221252127865643,0.24805805566215783
801,-0.0737179957047877,0.14336926393718072,1.455994897307639
802,0.6140865274957902,-0.8167429488110344,-0.3420473421806514
803,-1.2324977200178273,1.6120329943101812,-0.25668498684501573
804,0.4226680268449873,0.45724797075396234,0.5233044832530988
805,-1.0872138608948474,0.1912375754679446,-0.6674291042507926
806,2.474663678930447,-0.6439040685740787,0.14086907483817288
807,-1.2362861764354565,-0.9571955807278402,2.024982946565802
808,0.508642210195358,-0.8356246630260364,-0.46298734140485703
809,1.2110892310515204,0.025579586442550643,1.2270103765567646
810,-1.1374406452780623,0.7620020707239005,0.3931901897591673
811,-0.7203579711028159,-0.6434181047339873,0.5436973475998031
812,0.10853031661501948,2.089390363095179,-0.6935361671553474
813,0.5489637380545535,0.6942354052712613,-0.00835178174226527
814,1.4500830461390348,-1.0732065579106926,-0.511425263992613
815,0.573279307884262,0.5335103055217566,-0.45860387002745384
816,-0.5827982814514491,1.2112182138790224,0.3914815005187354
817,1.1512730872189747,-0.7638486561675607,-0.5104306359857576
818,-0.29792284624304904,0.39290617668326633,-1.200408749062871
819,-0.9181351761198943,0.48849021995371306,0.8613710416374334
820,0.4644181992244578,-0.7027147404242761,0.5646120456405332
821,0.3921473272268512,0.7004023464838056,-1.3115574463326323
822,0.5593463636579755,0.6795904350353414,-1.4113394301682696
823,0.10034098870092895,0.046107366933905714,0.4731095155194074
824,0.410735075598098,0.4787888628938342,-0.2719497330433356
825,3.4289775029159597,-0.9431877568722586,0.08240234249155255
826,0.8625689187159228,-0.7491365130977929,0.7458752680710898
827,-1.1053162820103868,-0.8870654654893633,1.4933967378292945
828,-0.6495620954462508,-0.6438126534382593,0.5139319810314837
829,-0.12342409665970462,-0.8985744459532851,-0.43162708429951957
830,-0.6243564248591722,-0.7362247277277306,0.07871994630949797
831,0.6536342290208758,1.3494639230346777,-0.6085087149108369
832,4.967794955202811,0.543191542169625,-0.7474383070650795
833,4.480943435360357,0.48505455480907667,-0.643919761598466
834,-1.1359183858746924,-0.9284540612083751,-1.4132258230897063
835,-0.4291385328920009,-0.9548507493093664,0.1548543545332578
836,-0.656804096632903,0.9150522462981849,-0.5477909553588715
837,0.5510031574188496,0.6373115110848572,-0.5932608847359977
838,1.253182030258153,-0.8012383199994498,-0.0360513430189015
839,0.4154150907595957,-0.81328890981793,1.8690503586489484
840,-0.4928064340559886,-0.988455540081913,-0.9692415486762683
841,1.2568919376531718,-0.6210923069380737,0.4936045594826884
842,-1.228710235591197,-0.9268651774224067,-0.3890899491346704
843,0.88857478089296,1.1788368210055211,-0.6917565673114381
844,-1.0711773458983282,-0.6798412552326759,2.91566096392123
845,-0.31780449688232926,-0.21249770372532703,0.28085002348205323
846,-1.1657454484161391,-0.9693956065230246,0.2199378150945265
847,0.46996577710203524,1.1951037549409063,-1.488080593941307
848,-1.0169818615166,-1.1634375585794436,0.8410907799116739
849,1.990612465156227,-0.8505498169854591,0.10375736974954233
850,0.39657340973985006,1.3501055755489562,-0.8572200529424951
851,0.5547980532768473,0.3768452673833657,-0.2881007763506679
852,-0.5283367752831714,-0.18712492103554604,0.20198085812898262
853,-1.3453772824654084,1.8596717068669053,-0.5384408369663055
854,-1.3259117047231543,-0.956281813613626,-0.5166543656751057
855,0.4843154624691602,-0.8168879135850696,-0.35443311787776793
856,0.24247966719933076,-0.9498276674921374,1.418696261616105
857,-1.321590354240302,0.007780566967602525,-0.26480348203307824
858,-0.12952801788535734,-0.9125069230576391,-0.24634980910534082
859,-0.44070644076931337,-0.9242738709568021,-0.010142488066237205
860,1.4877555340292248,1.629688062017949,-0.46053075888388856
861,0.24134085824508195,-0.6583990439329604,0.831140228120021
862,0.657125377691674,1.6025839807509366,-1.2663345934196721
863,-0.9140020881436682,-1.0777978193576507,-1.084062048254793
864,-0.8995987002738467,-0.21343309329619833,-0.5284520105356657
865,-0.5745647279469024,-0.7454888500703566,2.6712042620982457
866,-0.15366267589036972,-0.3415424462760564,0.07443028197139437
867,0.5687033565090988,0.3310396823276759,0.12302472049357323
868,-0.6538404960768331,-0.5997011302250729,0.5483957304042174
869,-0.9473107009447979,1.955826631896884,-0.4386067381088347
870,-0.8499340911847012,1.3176989972291702,-0.03915483528629768
871,0.8131804158199417,1.3946944345783332,-1.117806097719457
872,-1.1781273987551468,-1.0436694088350345,0.08118404706312479
873,0.19846712502015948,0.8244812246389619,-0.35343404727888766
874,0.6395464952279922,-1.0083403057394267,-1.5183293486957437
875,0.1784671344767466,1.6758244811398768,-0.4119597294043034
876,-0.9497248835886608,0.39452510136216734,1.1603916587129681
877,-0.9219615401864861,-1.0145204859036239,1.644256227391307
878,0.6291529954752687,1.8333441477509298,-1.476115839273033
879,-0.9865611554724901,-0.1448275184427809,-0.86622484523957
880,-0.9188728565387274,1.195458936102928,-1.1631113094538057
881,-0.9886045235502199,0.2327933173179825,1.3517648536413098
882,0.18891026651985868,-0.7889098169900722,-0.34510076985330246
883,-0.850069805427942,-0.7645662841959417,0.4461265785102073
884,-1.1673301582411975,0.3902238393258217,-0.40530746045345456
885,1.5038420458127575,-1.034434419172299,0.15203911814072313
886,0.5158486729611074,-0.6009006002035846,1.2898178630497776
887,-1.155296666675345,1.110033989265603,0.1066558193080866
888,-0.3219228227452574,1.082832170302747,0.4806485941860401
889,0.9407296916710809,-1.0784357691572184,-1.5636844541559132
890,-0.9760863729724716,-1.0702578346817315,-1.1601221284965948
891,-0.7573897954257642,0.4421737301305437,-1.2040878987353683
892,-1.0280791435020655,-1.0346604244947104,-0.19327057393380082
893,0.10521485531729749,-0.9745628846263301,-0.7938478446555185
894,-0.20839633953837844,1.3196675839292986,-1.7107374966970157
895,-0.9470148511844653,-0.18839226247332277,-0.6133620758293586
896,-1.3435629397668272,-1.0214377508140666,1.9773322171111132
897,-0.8183284673633253,-0.9654821863869473,-1.1287259889172077
898,1.1352312870213983,0.6783808699195535,0.10283108931230403
899,-0.21370207390550727,0.5275285000447274,-1.0583319221966776
900,0.29746106705321956,1.9419804001002634,-0.5465888924782275
901,-0.11695063660610518,-1.0670072703413394,-0.9540051667193402
902,0.8500502821426754,-0.9037480466166148,-0.49339773816143895
903,-0.7892543333495091,-0.6411798835541533,1.7635628905705842
904,-1.34484475289681,0.1916113749973304,0.012191276388672635
905,-1.0452852066681784,-0.6820587971001655,2.8237428805768303
906,0.5894725564293765,0.7633483219025317,-0.21413315695269888
907,-0.8999103448879137,1.7044477583075082,-0.4902021475439841
908,0.2505057613750201,-1.0269815181546136,1.137732901564528
909,0.06482328335673343,-1.1135955254517362,1.4052806589137803
910,-1.3021031496983193,1.210418706951765,-1.0520688926547992
911,-0.6938198223549297,-0.10102105001794381,0.3831492483066949
912,-0.7255594594352981,1.7201668301908524,-0.6405668007019671
913,-1.298138884408739,-0.7121699368184617,0.6651357714754433
914,0.1398827367811456,-1.057242617818677,1.5688813315349186
915,0.12509766019588894,-0.649348700967948,1.6702023317694135
916,0.3758278413507366,1.0886094531889388,0.13859549293485454
917,-0.8188867546933984,-0.9597668017127051,-0.8671232740421886
918,-0.27670367523965395,-0.9672563107022433,0.05818218511520538
919,-1.1053629375783407,-1.0017827630562166,-0.04509492256173464
920,0.029881482679468732,1.4302392732027218,-1.2765682750184655
921,0.14876995423254613,-0.5895445139121814,0.6926957328411361
922,0.8630383296190213,1.8340427731679672,-0.3415461836264324
923,-0.3018546105835993,-1.040500932981144,-0.12336792623881897
924,-0.17565415449193864,-0.842946397121673,0.8033625797450957
925,-1.0962178387650077,0.480241130479501,-0.6698375017351805
926,0.7962929227037638,-0.8227055071578245,-0.3939366461651542
927,-0.7693814913786579,-0.6345802836208376,1.6840358798599486
928,-0.05063320947761218,2.0918355520548104,-0.7072056810788007
929,-0.10387608193084479,-1.0896938732338821,0.5904578499602258
930,-0.15571394139496658,1.9439675353052142,-0.37505597179623346
931,3.0579155043238986,1.5671678638596362,-1.0079349873947667
932,-0.9822810538576593,0.38748819684905694,-0.940968380421619
933,-1.359783586308227,1.5416680361377673,-0.2714899247687357
934,-1.2947573884725199,-0.950251069426133,1.5311888429734661
935,-1.3072583469594725,-1.0525386680919508,-0.1982602882537095
936,0.44545854279720387,-0.8535368598185445,-0.5039476981386365
937,-0.4830995851946484,-0.9954875891483749,0.4839244931977952
938,-0.7982560027410464,-0.9323306637849746,-0.2596630613221646
939,-0.20111825318588678,0.6459543109128408,-0.4995447477038918
940,-0.9582298048302519,0.7560637546790815,0.9143404080908131
941,1.2538589004901086,-0.7767303657134196,0.6496056658380835
942,0.7225098757094025,0.8292266727154597,-1.6061672530029167
943,-1.0469177263005016,-0.780053272715746,0.6655378260537155
944,-0.5182184704820506,1.4073697003134575,0.10890462521741869
945,-0.9449043549783646,-0.10689327609831108,0.10699089326813487
946,0.41659308310099386,1.8803741437125192,-0.37044404866738406
947,-0.6672833745912918,1.272358242594706,-1.6826280208715994
948,1.0914562143931794,1.611181265133,-0.8251052386685825
949,-0.31908825399430985,-0.9262482911791626,-0.6419547689719699
950,4.788749839220336,0.18800293978706098,-0.3227497476370641
951,-0.2775599993098072,0.5605043532855858,-1.8434233674977971
952,0.8044953724963415,-0.7205379672699245,-0.08957176175232161
953,-0.5100922612334601,1.026977242866952,-0.8846180305681965
954,-0.1778771586561784,-0.8693865746548748,0.2771712155474042
955,0.17848681729447707,0.4320914824932961,-0.006664792855187311
956,0.5150544955654551,0.5803668677235669,0.32680675842377865
957,0.10448300684445865,-0.3298073556959105,0.4331106382212195
958,4.844433077324967,-0.9251492136730792,1.2279940689524802
959,0.4992360102999075,0.7521304237186185,-1.0908337545835476
960,-0.0944179412663837,-1.0904258230833122,-1.8283405967035828
961,-1.0936330717008131,-0.652112078873769,0.40494238348593187
962,1.4047444044899873,-0.7269694429966302,0.08978182958312879
963,-0.7767191729292778,1.4679805552070062,-0.20168603931185092
964,-0.7398771298488918,-0.9842214508794155,-1.0184786252217741
965,-0.5162983630128866,-0.6072941755014161,0.7659386971322385
966,-0.6922225373963214,-1.1072083775077417,-0.7260110022522193
967,2.33556016382542,-0.6511699824988939,0.2926825256031181
968,1.148560685586719,1.5678664892766743,-0.6747405855105996
969,-1.1969750939691994,0.9223366039340101,0.0907521942027694
970,-0.14606261751944646,-0.7452703200399072,-0.04808974219343936
971,0.6662101523136295,1.4780931231873533,-0.6559450038658518
972,-0.7773502988348413,0.3805182555821695,-0.5693734091547634
973,1.7891848264433827,-0.7147801411015973,-0.2892614889516928
974,0.009773722634037118,-1.0492366849208647,0.3141105138916746
975,-0.7007232061772918,1.2473165384900595,-1.6439246717555065
976,0.1492299489728415,-0.8292627354595968,-0.6759470909832683
977,0.15922572215864575,-0.34574831101170567,0.556115417523563
978,-0.399269917735345,0.3257859842602831,-0.2550993232298951
979,0.46695199751064015,1.7463652833297594,-1.3479641462406609
980,-0.11806508503594079,2.0942807410144417,-0.7430881551278644
981,-0.08465289444397611,0.7609541325983441,-0.2817420602113252
982,0.6143246045411175,1.1982133017408692,-0.932637666029894
983,-0.07007302945839163,0.5272639305992951,1.2458261207345496
984,1.0609278603459262,-0.6797965082747145,0.2953950697723029
985,-0.5443742622706897,-0.6056740282280352,0.6505891873648757
986,0.15714566142070233,-0.49243848023944753,0.2739065938846354
987,0.0376053484038945,0.5843141013298289,-1.4876144635165176
988,-0.01784254638009553,-0.8143092173082425,1.2621757137316187
989,0.3118594734691711,0.37867262695543985,-0.06551837244584201
990,-0.7539391666297385,-0.6213378039096208,0.8250776278260448
991,-0.36288531791888184,1.6202633955544878,-0.608101705133766
992,-0.5269026633135268,-0.5879292220854491,0.5086936524270929
993,-1.1519515596521526,-0.6772241345579116,0.29661353606965485
994,-0.7711215375152498,1.519312022792567,-0.15188167793852192
995,-0.7983167521784863,-0.1631946950381347,0.421240715805789
996,-0.37139023916047287,0.3302515629947158,0.2821253891311118
997,-0.307711828343808,1.9051655652615127,-0.24493262224932694
998,0.3938870088668186,-0.49018670572652306,-0.4942696822808309
999,-1.2132323724213754,-1.0225086387845725,2.2946558007233784
1000,0.7982494190859541,1.4813181527687527,-1.0258567453619578
1001,-1.3616691880969252,0.5423758969952336,-0.43058051213975507
1002,-0.8430021551267424,-1.079381288796637,-1.1001901951263031
1003,-0.676049579163312,-0.6189066922521427,0.41103539844838743
1004,0.010034702217279087,-0.9182115838317298,0.9076187663568029
1005,-0.7736310967758937,-1.1365141767765479,1.2953640974552951
1006,-0.7415252620866374,-0.6397339385285108,1.5753446194557756
1007,0.7549043309759356,1.893425933616156,-0.7772619399364974
1008,-1.0318208836023033,-1.085279294154893,-1.0459020623171575
1009,-0.13985031929740127,-0.8154022866357393,1.5167531527946032
1010,-0.360705506604662,-0.9143391380763617,0.12010029885857504
1011,-0.9210657897314343,-1.0257930864576912,-0.5176995708834777
1012,1.717570291367877,0.8662434102997342,-1.8204133038415244
1013,2.1873622149378837,-0.7892036239092074,0.5591606434878607
1014,-1.176472158833221,0.7408687566523282,-1.03233336105889
1015,-1.2290596663553517,-1.0444362899553163,0.5161409744815135
1016,-1.3121426017296431,0.7455146506068986,-1.6114751252593935
1017,-0.7492240990428378,0.941123584542462,-1.241764496486886
1018,-1.2607403157319659,1.7499639377841902,-1.326309927496671
1019,-1.26494344780956,0.23817158029723332,-0.12867614023314372
1020,-0.18832193093410132,-1.02230268401163,1.1309162567087494
1021,-0.23956165143718952,-0.5929000467214834,0.5281219616975715
1022,-0.9793816654569636,-0.3265505735893066,0.6497032319937124
1023,1.7409761991213601,1.5085116930204168,-0.5607402567674825
1024,0.352589237547963,0.5554258704727859,-0.3430916930444029
1025,0.3780822529741325,-0.7195504951742129,1.7270523023567375
1026,0.6748549795096449,-0.913924992929142,2.041142191581488
1027,-0.392045047890051,1.5336338438418358,0.01044379990248253
1028,0.7400770335316582,-0.7900004061973387,-0.3585052660755644
1029,-1.0505472621897882,0.6673685073333331,0.7526351844440848
1030,-0.12479089825266594,0.527283596904785,-1.1144444225078316
1031,0.6162046781310083,-0.876124677077118,0.9510119548311088
1032,0.44185118045258315,-0.6300607710042093,2.70794381467031
1033,-0.9778321903056205,-0.7295608891873183,0.6806716866562191
1034,1.5659093207990775,1.5664692384425989,-0.1159992038894576
1035,-0.7927940815702592,-0.1900412629764273,0.48600157583846404
1036,-0.8708018874419438,0.5724304480547499,-1.2384231546772217
1037,-1.3342037599359557,1.7226130670886095,-1.2429173491174053
1038,-0.31256832062106876,-0.916643798533356,-0.253284353518709
1039,-1.3956257543977892,1.7313448368634525,-0.6371494222211039
1040,-0.9290700748590827,1.6985094422626894,-0.46286311969707805
1041,0.248131734109305,0.30391988198878,0.22414255757738136
1042,0.5035786838353019,-1.0429526540884249,-1.6033995181712657
1043,0.9197680375329937,0.9502533262861205,0.03805929366849052
1044,-0.06340371321848565,-0.9181054975621528,0.5038956530399598
1045,-1.0118010279928473,-1.055490465272747,-0.7192191333904269
1046,-0.24151662908344396,1.3119117938620566,0.17273339526943865
1047,-0.20615176932384754,0.8332618632617269,-0.2868681279326203
1048,-1.392872286145824,1.8763252251768077,-0.6494962398035387
1049,2.214713312657591,1.9220695757146944,-1.2796165766233953
1050,0.28119589117417637,-1.1662316410723435,0.10816681320340008
1051,0.10679069572448956,-0.19688017704634928,0.0027400035930728824
1052,-0.9758471416878333,0.49477784870705066,1.2065262682046214
1053,-0.225190582268086,-0.7416875593137138,2.1031876026732683
1054,0.7555118253503349,1.8560494738046491,-1.1753865329570663
1055,0.7220996347583704,0.886357394956578,0.13517811445399136
1056,0.6641667842358997,0.3751295132216633,0.990858587917975
1057,0.3345182238915803,1.0275730306226014,-0.3171187622452221
1058,0.23987315183653296,-0.7806849698178313,1.1438448829775518
1059,-0.6734287876827159,-0.9983461198359965,0.7699213100138366
1060,-0.5470646118571546,0.578605493322132,-0.08037730494955926
1061,-0.3267457813330512,-0.6350898959312957,0.1524191306277948
1062,-0.6534900933216795,-0.7414237932875113,0.027928304293047667
1063,-0.4089847247729899,-0.9992597122938565,1.7316859258389414
1064,0.45241155890995416,0.7662448228815689,-0.52008319237388
1065,-0.8620839786726884,-0.10658259737535455,-0.0005702400724155885
1066,0.10306815244648238,-0.8730677717023289,0.3721767294803395
1067,1.1077068104072372,-0.8250103772024436,-0.93190805572423
1068,-1.2645095145779264,1.4480597404779736,-1.1731100462820392
1069,0.27449741520429927,-0.8457223153537298,0.7011236716506419
1070,-0.34794253579403106,0.633700875204524,-1.2548436582777698
1071,0.9199541738093099,-0.7690545682564285,1.3125707689753658
1072,2.209853357662396,1.8763096108987372,-1.218103763967857
1073,0.8605531308827906,-0.2057415418360532,-0.6905661235176288
1074,0.4612646959269508,-1.1283253088132843,-0.52566633446699
1075,0.11983402518890565,1.3695153457854259,-0.37101082088843507
1076,-0.8727229061526693,-1.023219070971158,0.36950331429475947
1077,0.4912517724866146,0.5639417649937648,1.0903353998552707
1078,-0.029840256527295633,-0.6775119682297311,0.25833257493379697
1079,0.1935077231958754,-1.1396264132843668,-0.3165220879624625
1080,-0.11845564316924219,1.7586438695530895,-0.35832858760810365
1081,-1.1086328367979827,-0.9811650694736889,0.5415350013660358
1082,-0.8414209080196183,-0.7528702118453374,1.7522571773423452
1083,0.5959577411244023,0.18334359729321262,0.3034011332083466
1084,6.295344149654233,1.0708806455684026,-1.4133368878903338
1085,0.035786631745817615,-0.8647554566278747,-0.7381558527664349
1086,0.031169431502632676,0.010510550578489184,0.3791121282383275
1087,-0.5531166530632334,-0.612660107742056,0.32083916125157097
1088,0.5355988618177677,1.8389331510872298,-1.1924734253613827
1089,-1.096205992624707,1.3032614139482985,-1.097308832460163
1090,-0.4912709920246942,-0.9275656891280702,-1.1361135068482138
1091,1.0704058053269927,-0.7471159835979079,0.3585740253061865
1092,1.4187412571244609,-0.7261943180964271,-0.15303948576783813
1093,-0.613867305491918,1.0768199396888054,-1.583834172023703
1094,1.7682878097067316,-0.4363560105053234,1.3499606486723381
1095,2.8792254688032606,-0.7495393055819859,-0.03707177223328785
1096,0.8458863334522295,-0.9215283429303863,-0.8486395281838196
1097,-1.3682372350246188,0.5649764641676679,-2.207862006487877
1098,-0.044096752257387295,-0.04332748020958958,0.5851428012089396
1099,1.164973178851554,-0.792213057686909,-0.5842562633078464
1100,-1.3865133387817987,1.5531953555188862,-0.31420715577952635
1101,0.4503992945441937,-0.5674582049092283,0.7663615977192448
1102,-0.6692593107934632,-0.6541314556417159,0.3264571606051857
1103,0.5875355606166044,-0.9222479969724766,-0.9196767455344482
1104,-0.7525057836533431,-0.6180668047757801,0.7822705197612073
1105,0.4641532101783448,0.20607819575190575,-0.02272356694353491
1106,-0.9756114946200037,-0.9631286920133022,2.372947599982108
1107,1.536858089323176,0.18756668314539182,1.068022481409095
1108,2.018437408487966,0.6876967953368529,-1.5689830994904914
1109,-0.539621469283139,-0.7403766236499137,1.5320949608776668
1110,-0.7185343944897439,-1.0897888862905991,-1.2411095559010286
1111,-0.08078309452961466,-0.05663804096769666,0.7878376001754577
1112,-1.3458184448800972,-0.856670893439375,-0.23773374361046484
1113,-0.6893227844990011,1.3153888874939232,-0.005794899162882932
1114,0.5240853854364014,-1.1294184480033231,-0.5957531788620909
1115,-0.5062539902771301,0.09306823391047947,1.426947180220301
1116,-0.8772515944655043,0.7225316558811777,-1.0654207612484563
1117,0.46310424964206964,-1.074079490369281,1.7267459343759282
1118,-1.1132823557418856,-0.9163415033154038,-1.3423828837057141
1119,0.26001730079499097,-0.5380555062950789,0.7159802119894232
1120,0.7814221286622791,-0.9067888486755413,1.3781490659406628
1121,-1.356639620672398,1.8932178480356916,-1.492572908823326
1122,-0.6854648307249405,0.03096081857982381,0.02580320748472311
1123,0.3503130776259637,1.5427159742633236,-0.04936032351262405
1124,0.3133782094051694,0.6314239851078568,-0.9688953682361573
1125,-0.18918135322556417,-0.6203484804565538,0.5347549224600031
1126,0.07015538297971154,-0.8530625630229179,-0.7402266132569137
1127,-0.5850822780508783,0.08944208854588792,0.041578510028083694
1128,-0.8005737760276922,-0.9612304568926696,-0.814323238692535
1129,-0.5044782842207608,-0.6442900591169919,0.8700469112557241
1130,2.382989254366213,1.7323927749890087,-0.7465055336087282
1131,-1.0398344026444426,-1.0300390522922784,-0.018074394389245248
1132,1.1119142556948893,-0.7869404268707144,1.6990901155438465
1133,-0.6293038590442805,-0.7386366970487818,0.4687248480595359
1134,0.34653397662170005,1.008743119482273,-1.3194351872067176
1135,-1.1152630304001774,-1.0810374502102662,-1.8506634255473542
1136,-0.9116055835861002,-0.681474746251522,0.7603526502674199
1137,1.1983752242874663,1.921021637589138,-1.1565909513123185
1138,-0.5497746442613503,-0.6129208696789652,0.8479692793179554
1139,0.5918394152614739,-0.9367695550284766,1.9071925742184832
1140,0.5735949012117624,1.3905092491550284,-1.0868974471803654
1141,-0.3610628347956837,2.078212356422579,-0.6320233544998088
1142,1.0758428192284293,0.03862540309887161,1.218254882019868
1143,0.061959554875814934,-0.8656211932446677,-0.26731525521651295
1144,1.4109982553272413,1.6160716430522626,-0.7379620874065699
1145,-0.32683866722289695,-0.9749470936744299,2.2555143436860394
1146,-0.0023413554262967286,0.9592405833759744,-2.0252458439167467
1147,-0.14123674295865538,-0.9363143656380059,-0.49401013238520963
1148,3.304558220330038,1.6691671747471135,-1.0318566367608095
1149,-1.4181030462505653,1.5325859057162794,-0.31249846653909447
1150,0.49535041553181186,0.896841422071164,-0.35700042346151606
1151,0.9164978345661644,1.8026046294012792,-1.0796999354928953
1152,-1.3086120266739465,-0.1608210802524791,-0.24413227220910858
1153,-0.027157865117135277,0.9290639125935604,-1.0504796407922736
1154,-0.25685810976621304,-0.8891419199538823,0.014426071046232752
1155,0.16671552030061568,-0.5894981950470319,1.7457932059457923
1156,2.673178260619172,0.759717914922896,0.12539894419315326
1157,-0.33463075456556773,-0.8779901117344209,0.8443471998660887
1158,-0.9006243330261451,0.6878890919828925,-0.9942499243992258
1159,-0.2711536673845788,1.1588213076012088,0.14201287141571833
1160,-1.2202390910368226,-0.7041507999002675,0.35630864511122334
1161,-1.0370738874577348,2.0498187174295275,-2.080275718725164
1162,-0.095286961968962,-1.0545591277292943,-1.5072445689862923
1163,1.179840692423417,-0.7844694586331943,3.005227890870794
1164,0.13562693494129113,1.4265875930791379,-0.04995597258183831
1165,-0.36593171995818224,-0.6021729368130934,1.6918640687460609
1166,0.7444078001773133,-0.8111810521409151,2.1692202401075975
1167,0.4749362353239333,1.3618184498408403,-1.1670318969159754
1168,-1.1665017789122663,0.7069760274141493,-0.9562736225549369
1169,-0.6681985648663245,0.42698956079775446,-0.8784987017914386
1170,-0.5021049859482948,-0.6283087581833626,0.7067884890894447
1171,-0.727479688403337,-0.7882174442705172,3.0462791498721646
1172,-1.0808016362741875,0.20171444167200578,-0.67304129406099
1173,-0.19699597860952503,-0.0442318857432153,-0.05913488031251313
1174,-0.15518141182636802,0.5310388133151742,-0.97580223188383
1175,0.754088040785055,-0.8489036459152934,-0.4792443234450963
1176,0.19671158777702033,-0.8660429883402041,-0.8437834333625128
1177,0.39990673137217936,1.3626234409776217,-1.5549880802667364
1178,1.0651249174797766,-0.7988380875854049,0.3220173024828486
1179,1.182580370553083,0.7633993215579754,0.11296515432838039
1180,0.34356357212863725,-0.8418183266607825,-0.5548744974740049
1181,-1.0232317028909832,0.6449823133701166,0.7913147827797361
1182,-0.013510989991753274,-0.08729320029824017,0.19232180872174645
1183,0.016126109058819057,-0.40860168363140326,0.7661543337143805
1184,-0.6198853270130303,-1.095572491736815,-0.9264503314213673
1185,0.48273937906421854,-0.9563106668433496,1.5477658625084372
1186,-0.7612063788329282,0.682887213447071,-1.8289926325177315
1187,-0.48924414779394804,2.047472838072928,-0.3603417652711802
1188,1.5394211688382047,-0.7120960222493392,0.1328112381181455
1189,-0.14320040777446402,-0.5877284022093217,0.4670171840326481
1190,0.24955582242177193,1.6647105034867484,-0.2291742357294464
1191,-0.8290597339882152,-1.1649566147549792,0.6827373210789776
1192,-0.08433754411422541,-0.6175740992004144,1.10623526584426
1193,0.5461996386510362,0.622972923025579,-1.4552997326014743
1194,-1.234470132752627,0.5351833387392073,-1.1770354180740827
1195,-0.6628423477166828,-0.7659059333643821,2.5622192780136435
1196,-0.8219341287236978,1.0479956679886924,0.16811822563103213
1197,0.4074017539657689,1.4378607874648097,-1.3274040012173192
1198,1.1771129211834885,1.8333441477509298,-1.4590289468687163
1199,-0.5566228675945167,-0.9668489072902977,0.4254076962564297
1200,-1.2147654452246097,-0.7656376612042396,0.5610704454518917
1201,0.7093422528959838,0.6037634137649032,0.2240299549564359
1202,0.21364464297127816,-0.8839214415250694,-0.8815470033963686
1203,-0.14224767434709334,-0.7668672419382256,-0.3376232039993248
1204,4.387640136130046,-0.9317975776605042,0.5738189758747514
1205,-0.8483591012696334,-0.5949324877847291,1.7096175208230697
1206,0.06596112031998352,-0.789706739003287,0.6210907180559123
1207,0.4392553569907747,-1.1093123578136919,1.4409994405336117
1208,0.4641697947747661,-0.8509176083362585,-0.5506181525760894
1209,-0.22080477663211,-0.6085833140522044,2.2131940411858015
1210,-1.0037918829102037,0.3938264759451297,1.115965738461745
1211,-1.098125857096121,-0.9832385198489144,-0.3912471693007153
1212,-0.866313536755569,-0.9822621908286047,-0.16938275661471866
1213,-0.6907456578227192,-0.6129629618603418,0.816540845511925
1214,0.2980853890217899,-1.0137825278756072,-0.631017278275043
1215,0.4165299644354936,1.2178551553408787,-0.39451555007981265
1216,0.32439433014221497,-0.833342917482721,0.10741926166071131
1217,-0.8155159506581686,1.0060224974519743,0.3535921709567846
1218,0.9629803273727688,-0.9159411560201705,-0.5430218328199022
1219,-0.8610307049263547,1.5713596163618615,0.0172785568642095
1220,0.7206558636281728,1.0294818499183023,-0.6722132632550774
1221,0.7858865440703027,1.7606871043790282,-1.1975994930826772
1222,1.2215822991322085,1.015871299406119,-1.017227181222082
1223,-0.09393887120273242,0.8541189408434025,-1.1967342128513225
1224,2.6672966215851126,1.8637343533920618,-1.4556115683878532
1225,1.1369429631707055,-1.0666886622198994,-0.5457080631747853
1226,-0.8194607153783309,-0.21859062557493622,0.30073386930403184
1227,0.31957149305329596,0.8529752910357121,-0.3879550377411752
1228,-0.5295999990852974,-0.6792960828884905,0.1356391188110596
1229,-0.4379982308482411,-0.6053920630097188,0.6050017001680084
1230,1.556615446613454,-0.7482651525463928,0.1483502289395555
1231,1.6809900783628573,1.4378212801974761,-0.8084843058201318
1232,-0.6809993825764805,1.3795291281318034,-1.7918380393291664
1233,-1.167489868512227,-0.6484787027361112,0.5048610624608035
1234,-1.186777875648844,0.8555873117449321,-1.0861276826775508
1235,-0.09498424752219883,0.8474752925775424,-0.9026611054714581
1236,0.07842781612421987,-0.044049789028264556,-0.4110230259626987
1237,-1.3527737087220328,0.642586447364928,-2.1477650137369597
1238,-0.50613771585387,-0.6290263512804729,0.27077268694876044
1239,0.24118454994254865,-0.7851070591200536,-0.6002928244360692
1240,0.754620327355904,1.3288157344526963,-1.4343438551500487
1241,1.458939038379591,0.863803391168189,-0.10569341560471798
1242,-0.6884244825675767,-0.6958855721789218,0.8358632160494973
1243,-0.000507026162798141,1.258474704200816,-0.23313138914136258
1244,1.0202832669784248,-0.9124540021822986,1.8142986584488738
1245,0.32361485411042323,1.3033093396519069,-1.0936583887669051
1246,-0.5393276850036794,-0.6149179253648378,0.30331006007183087
1247,-1.4087232723604017,-0.9880728680097307,-0.3115086228621129
1248,0.48841969446260225,-0.8069748730238283,0.8094516647222985
1249,3.4419348111769605,0.3024937080624397,-0.014162179504352498
1250,0.6601352085696357,1.4145182102369396,-0.5875974342485869
1251,0.23705134046744794,-0.8269909103972034,0.4521339881417173
1252,0.8975501457780861,-0.6208176074240946,0.31703425205097774
1253,-1.0833213406908837,-1.1437320252726713,1.0298787280192427
1254,-0.979948153961091,-0.7180006296177861,0.6656610225479517
1255,-0.4849916871731526,0.2823957219276461,0.3368034448249233
1256,1.5009291102875124,1.2887673118711878,-0.6846065571848516
1257,6.141142759110571,1.0476209253149935,-1.3981257945341634
1258,0.6037526229411949,1.4620529630623387,-1.347074773491016
1259,-1.0716519812530465,-0.7142051025208338,0.7686449191512345
1260,-0.7768853833901134,-0.9996875155679793,0.8481739802889595
1261,0.9953636047428133,0.1492563358076598,0.4229128390964757
1262,-1.1659636603954233,-0.9834347287972894,0.3344891961176828
1263,-1.2996631485435444,-1.0264806735931393,1.893099647101251
1264,0.4036701590215834,-1.1481930978731643,1.1786739501098908
1265,0.1237926407808043,1.056065140868184,-1.1866336381443596
1266,-0.2056547174267139,-0.5121010131518017,-0.3313507766666252
1267,-1.3120045182583422,-0.021252454007121505,0.49165426158366
1268,0.4091529172494122,-0.8653500916515863,-0.2894542290980131
1269,1.570364623791485,-0.7930429548198079,-0.14183082608845513
1270,-1.2876596671997875,-0.9951773296006685,0.24200690358609397
1271,-0.006108610290259482,1.3009672328725594,-0.1850900533263106
1272,2.223711215584007,-0.7235805158923938,-0.1444299132920758
1273,0.5495712324289527,0.3225666834073032,1.485042614394977
1274,0.2251929287802977,2.034037048708817,-1.0411814665526173
1275,-0.37042772507367444,1.7206620857489905,-0.1814901868345693
1276,-0.6722814130577877,0.6961478923504014,-0.25435484732783925
1277,0.8703282621118135,1.4407166633758464,0.36585116191226125
1278,-0.28991789287158876,-1.082934707255315,1.9594646245928429
1279,-0.5404038612879278,0.9022801161489887,0.5140124602947076
1280,-1.144943565298519,0.03999100620155479,0.2981264095231335
1281,0.5439215347470385,-0.5228756335086044,0.7919230761493298
1282,-1.0890462461763484,-0.2709271356854469,0.4914840761353135
1283,-0.682478631378143,0.2918558436310222,-1.6482601289652534
1284,0.03546648221050941,-1.023935301748705,-0.6060333368082238
1285,-0.5621293788523849,-0.6497029389856569,0.2578010017110986
1286,-0.2264160199201243,0.3184484262989504,-0.5226236715365538
1287,-0.49788229255184485,-0.6289226752685844,0.8589732380263349
1288,-0.8694606613621448,0.07094500255423614,-0.3122430174976502
1289,0.2623328871018892,0.01611132575306633,0.45924196451298843
1290,0.5744287479900633,-0.5882764738489876,0.5529632276128148
1291,-0.47386153974203216,0.598715914989349,-0.6913541709953162
1292,2.1062357759457826,-0.72710843452335,-0.1581551304847668
1293,-0.7197821271853228,-0.740889240049665,1.424708626446412
1294,-0.7204532869701592,-0.6380796983347785,0.7043501895433482
1295,1.2336098980026289,0.683057398598661,0.4512856239338426
1296,-0.6952494996156411,-1.1118520358609776,-0.593560930566617
1297,-0.9491631335406537,-0.6953072500586981,0.35399764291353936
1298,1.3673691028477535,0.7544475546393067,-2.1278425515381474
1299,0.23543024172936322,-1.0490043570384289,-1.7102935792323513
1300,0.41906005700599197,-0.8727960064151011,-0.24096316627488037
1301,-0.1999169330605121,-0.6333009258258877,0.5851592046256482
1302,-1.2541431090743012,-0.8847660097917261,-0.4037260685614357
1303,-0.23288152179741936,0.3211694325732282,1.1484308340299467
1304,-1.1945293216178676,0.2947459521874936,-1.124286643401642
1305,-0.8253195126239131,-1.134688633630558,0.0790820175595455
1306,-1.2380401341932223,0.8828662938850999,-1.3708605820624447
1307,-1.0772394715110218,-1.1365580504527377,0.7358045954258343
1308,-1.2180598872169774,0.4963163616004507,-0.4986415345714
1309,-0.8884072566603495,-0.7052520780764144,-0.0037403712201878997
1310,0.5556461761729464,1.1899101386593782,0.12150860053053865
1311,-0.45665693456241774,-0.61435993324425,0.7465021861534046
1312,0.3928047576388262,-0.7472304533724894,1.9533343602049464
1313,3.136889772995815,1.6370304055633877,-1.0626130430885787
1314,-1.096907223381076,-0.9957015431823427,-0.1409359855332403
1315,1.526012674505337,-1.1248222263159042,1.7036468480102296
1316,-1.3738749043179197,-0.9414577507520486,2.011225264277543
1317,0.39976864790087824,0.6870956630967632,0.49963537815679204
1318,-0.6745159596151409,-0.8009887360692133,2.9730211491157466
1319,-0.7596580579208966,1.921934531421581,-0.2844487948370927
1320,1.9626031472818575,1.8581453500557619,-1.149756194350592
1321,0.20390693339571858,0.10319830245752341,0.2018169948308249
1322,4.957348299692326,-0.9260216920251465,0.7244664171020264
1323,2.1442439652272656,1.7187695793567772,-1.2129776962465617
1324,-0.5784748047382863,0.31315148331824294,-0.3239427544647336
1325,-0.5010626471007005,-0.554027899754641,-0.4359365694328125
1326,-1.0667779931378027,0.5204761209786297,-1.039530189270664
1327,0.26626191771775415,1.399555295573726,-0.012679891588278024
1328,-0.09334717168206762,0.22665900191241387,-1.4581785322337535
1329,-1.0396519113343732,-0.644352271710379,1.3990343745264577
1330,-0.9922494897966159,0.7399953700872186,0.5520982891193086
1331,0.38233276961293033,1.589172049444817,-1.3763152307246744
1332,-1.2091378603379237,-1.0565746969887184,-1.430093661533399
1333,-0.4573112667530834,0.10005707299489769,0.5135401785886519
1334,-1.0060010362027068,-0.7164560386832578,0.7173642502741726
1335,0.1742486935409172,-0.8188581769861987,-0.2941433849805305
1336,0.1470470394373121,0.9928310173962013,-0.6409963651770119
1337,1.2869273707650377,1.086391177764761,-1.3097236810398007
1338,-1.1590264391364073,0.4087291690973946,-1.2090639435413535
1339,2.4753028237617536,-0.7342780778656973,2.0414615456005243
1340,-1.225527329565969,0.9398022393599479,-0.022021295665717994
1341,-0.44504334310815025,-0.6172945442397869,0.9950308653052604
1342,0.329571457950284,0.616945357583734,-0.9699713298508571
1343,0.36726927835588596,-1.0307444893071318,0.043813988161340085
1344,-1.1875783102365527,-0.9576931417498542,1.3810710954107244
1345,-0.36216094162684803,-1.092628484229419,-1.0765894375996135
1346,1.6206942569722855,-1.0253854734581205,0.951376930852865
1347,-0.3687466666408366,-0.639321679669917,0.06984621047716409
1348,-0.21297927709884723,-0.5896222010585561,0.5089795161370165
